0,0,0,-260.0,-0.3883592233005667
0,0,0,-259.0,-0.6796213592235755
0,0,0,-258.0,-0.8252475728165486
0,0,0,-257.0,-0.8859271844660361
0,0,0,-256.0,-1.1407815533985821
0,0,0,-255.0,-1.031563106796731
0,0,0,-254.00000000000003,-0.5339902912612258
0,0,0,-253.0,-0.776703883496103
0,0,0,-251.99999999999997,-0.6432135922346284
0,0,0,-251.0,-0.9102038834960441
0,0,0,-250.0,-0.8252475728164169
0,0,0,-249.00000000000003,-0.9466116504865163
0,0,0,-248.0,-0.9830242718456993
0,0,0,-246.99999999999997,-1.10437864077786
0,0,0,-246.0,-1.0194174757287429
0,0,0,-244.99999999999997,-1.0315533980604283
0,0,0,-244.00000000000003,-1.1407815534029457
0,0,0,-243.0,-1.0072864077668633
0,0,0,-242.00000000000003,-0.8737961165059697
0,0,0,-241.0,-0.7767087378646756
0,0,0,-239.99999999999997,-1.0315582524266913
0,0,0,-239.0,-0.8737961165030078
0,0,0,-238.0,-0.6189417475729304
0,0,0,-237.0,-0.7402961165043098
0,0,0,-236.0,-1.0558252427180965
0,0,0,-235.0,-0.9223398058247865
0,0,0,-234.0,-0.8495242718450897
0,0,0,-233.0,-0.6432087378624327
0,0,0,-232.0,-0.5582572815515326
0,0,0,-231.0,-0.679621359223094
0,0,0,-230.0,-0.48544660194074046
0,0,0,-229.0,-0.8009805825239933
0,0,0,-228.0,-1.1165145631074809
0,0,0,-227.0,-0.9587475728148502
0,0,0,-226.0,-0.9951553398057051
0,0,0,-225.0,-0.946611650486111
0,0,0,-224.0,-1.0436990291254045
0,0,0,-223.0,-0.9344757281548879
0,0,0,-222.0,-0.5218543689323748
0,0,0,-221.0,-0.6553446601933994
0,0,0,-220.0,-0.7281650485412565
0,0,0,-219.0,-0.6432184466010599
0,0,0,-218.0,-0.4975825242708552
0,0,0,-217.0,-1.092242718448205
0,0,0,-216.0,-0.8859320388362978
0,0,0,-215.0,-0.849524271845349
0,0,0,-214.0,-0.7645728155356484
0,0,0,-213.0,-0.9223398058269079
0,0,0,-212.0,-0.5461262135922832
0,0,0,-211.0,-0.5582621359214993
0,0,0,-210.0,-0.7038980582499186
0,0,0,-209.0,-0.7038883495133144
0,0,0,-208.0,-1.0072815533987105
0,0,0,-207.0,-0.9466116504868114
0,0,0,-206.0,-1.250009708739607
0,0,0,-205.0,-0.9223349514572918
0,0,0,-204.0,-0.5461262135928777
0,0,0,-203.0,-0.5703932038826157
0,0,0,-202.0,-0.36408252427035875
0,0,0,-201.0,-0.5097087378635091
0,0,0,-200.0,-0.9101941747568376
0,0,0,-199.0,-0.5339854368928458
0,0,0,-198.0,-1.0801067961169517
0,0,0,-197.0,-0.800980582526455
0,0,0,-196.0,-0.7403058252417443
0,0,0,-195.0,-0.8373883495142884
0,0,0,-194.0,-0.6068106796124486
0,0,0,-193.0,-0.9223349514567906
0,0,0,-192.0,-1.0679708737869613
0,0,0,-191.0,-0.44903398058364324
0,0,0,-190.0,-0.5825242718441508
0,0,0,-189.0,-0.5825388349506935
0,0,0,-188.0,-0.8131213592257946
0,0,0,-187.0,-0.6310825242715888
0,0,0,-186.0,-0.6068106796125008
0,0,0,-185.0,-0.7281699029118476
0,0,0,-184.0,-1.0679708737855973
0,0,0,-183.0,-1.2621456310672245
0,0,0,-182.0,-0.9466067961169489
0,0,0,-181.0,-1.322815533984522
0,0,0,-180.0,-0.9466067961171841
0,0,0,-179.0,-0.7403009708725493
0,0,0,-178.0,-0.35194660194101457
0,0,0,-177.0,-0.934470873786699
0,0,0,-176.0,-1.0194223300954046
0,0,0,-175.0,-0.8373834951454818
0,0,0,-174.0,-0.6432135922328671
0,0,0,-173.0,-0.7524368932037833
0,0,0,-172.0,-1.0194223300976224
0,0,0,-171.0,-0.9223398058250372
0,0,0,-170.0,-1.1286456310667579
0,0,0,-169.0,-1.092242718448549
0,0,0,-168.0,-0.7281601941752778
0,0,0,-167.0,-1.0558349514564824
0,0,0,-166.0,-0.7524417475703957
0,0,0,-165.0,-0.6189417475712767
0,0,0,-164.0,-0.9830145631069797
0,0,0,-163.0,-0.7524320388349639
0,0,0,-162.0,-0.9223349514571328
0,0,0,-161.0,-0.703883495146926
0,0,0,-160.0,-0.9587378640787433
0,0,0,-159.0,-1.0436990291262433
0,0,0,-158.0,-0.8737961165050042
0,0,0,-157.0,-1.0679708737889826
0,0,0,-156.0,-0.9466165048532668
0,0,0,-155.0,-0.667490291262455
0,0,0,-154.0,-0.6674902912636445
0,0,0,-153.0,-0.6310776699041717
0,0,0,-152.0,-0.7038932038833116
0,0,0,-151.0,-0.7888398058252949
0,0,0,-150.0,-1.0436990291263768
0,0,0,-149.0,-0.9587475728154266
0,0,0,-148.0,-0.946616504854472
0,0,0,-147.0,-0.9344757281577644
0,0,0,-146.0,-0.8737961165045858
0,0,0,-145.0,-1.0194271844671472
0,0,0,-144.0,-1.1043737864102023
0,0,0,-143.0,-1.007281553398254
0,0,0,-142.0,-0.7160242718444124
0,0,0,-141.0,-0.9101990291279843
0,0,0,-140.0,-0.7645679611631128
0,0,0,-139.0,-0.6917572815550374
0,0,0,-138.0,-1.0072864077675696
0,0,0,-137.0,-0.8131116504852599
0,0,0,-136.0,-0.8737912621370684
0,0,0,-135.0,-0.5339854368931319
0,0,0,-134.0,-0.5825242718435892
0,0,0,-133.0,-0.7767087378626665
0,0,0,-132.0,-0.8009805825231037
0,0,0,-131.0,-1.0679660194178653
0,0,0,-130.0,-1.1529174757276475
0,0,0,-129.0,-0.9951553398053027
0,0,0,-128.0,-0.7645728155346173
0,0,0,-127.00000000000001,-0.7645728155342084
0,0,0,-125.99999999999999,-0.8616601941760943
0,0,0,-125.0,-0.9466019417461041
0,0,0,-124.0,-0.3640825242706097
0,0,0,-123.0,-0.7038883495145575
0,0,0,-122.00000000000001,-0.47330582524235604
0,0,0,-121.00000000000001,-0.8859320388350843
0,0,0,-119.99999999999999,-1.128650485438752
0,0,0,-119.0,-0.9223300970895237
0,0,0,-118.0,-0.9466116504881668
0,0,0,-117.0,-0.873796116502967
0,0,0,-116.0,-0.5582621359222983
0,0,0,-115.0,-0.679621359223209
0,0,0,-114.0,-1.080106796117308
0,0,0,-113.0,-0.910199029127577
0,0,0,-112.0,-0.6068009708734918
0,0,0,-111.0,-1.1407815533985164
0,0,0,-110.0,-1.2135922330100428
0,0,0,-109.0,-1.2014611650491043
0,0,0,-108.0,-1.0436990291287416
0,0,0,-107.0,-0.5825291262130703
0,0,0,-106.0,-0.6553495145624838
0,0,0,-105.0,-0.31554368932004934
0,0,0,-104.0,-0.740291262135314
0,0,0,-103.0,-0.9223349514569287
0,0,0,-102.0,-0.8737864077669558
0,0,0,-101.0,-0.9587475728160768
0,0,0,-100.0,-0.9587427184476558
0,0,0,-99.0,-0.8859368932046526
0,0,0,-98.0,-0.44903883495186075
0,0,0,-97.0,-0.6553495145612992
0,0,0,-96.0,-0.7160242718429339
0,0,0,-95.0,-0.995150485435351
0,0,0,-94.0,-0.728165048543076
0,0,0,-93.0,-0.6917572815531106
0,0,0,-92.0,-0.7160242718436499
0,0,0,-91.0,-0.5946601941745094
0,0,0,-90.0,-0.655344660193359
0,0,0,-89.0,-0.8737961165046886
0,0,0,-88.0,-0.44903398058194927
0,0,0,-87.0,-0.6553446601930897
0,0,0,-86.0,-0.7645728155344441
0,0,0,-85.0,-0.6068009708729972
0,0,0,-84.0,-0.885922330096757
0,0,0,-83.0,-0.7767087378658384
0,0,0,-82.0,-0.8373883495140778
0,0,0,-81.0,-0.7038932038840782
0,0,0,-80.0,-1.0801116504876231
0,0,0,-79.0,-0.5946699029114122
0,0,0,-78.0,-0.813106796115423
0,0,0,-77.0,-0.8737864077682563
0,0,0,-76.0,-0.8616553398070308
0,0,0,-75.0,-0.8131116504864315
0,0,0,-74.0,-0.8131165048549663
0,0,0,-73.0,-1.1407815533994048
0,0,0,-72.0,-1.1286504854360153
0,0,0,-71.0,-1.3349611650496467
0,0,0,-70.0,-0.8859320388369587
0,0,0,-69.0,-0.9102038834942904
0,0,0,-68.0,-1.1286407766990345
0,0,0,-67.0,-0.449038834950177
0,0,0,-66.0,-0.7402961165036194
0,0,0,-65.0,-0.3034029126194802
0,0,0,-64.0,-0.44903398058198746
0,0,0,-62.99999999999999,-0.8738009708722165
0,0,0,-62.0,-0.8737961165066982
0,0,0,-61.00000000000001,-1.0194271844677971
0,0,0,-59.99999999999999,-0.9708834951467645
0,0,0,-59.0,-1.0072864077675192
0,0,0,-58.0,-1.1529174757305813
0,0,0,-57.0,-0.9223398058265316
0,0,0,-56.0,-0.8009708737861779
0,0,0,-55.0,-0.910203883498163
0,0,0,-54.0,-0.8373834951489283
0,0,0,-53.0,-0.5703932038830475
0,0,0,-52.0,-0.7645728155343995
0,0,0,-51.0,-0.65534951456347
0,0,0,-50.0,-0.6432135922337515
0,0,0,-49.0,-0.776708737864357
0,0,0,-48.0,-0.49757766990159896
0,0,0,-47.0,-0.7888446601939278
0,0,0,-46.0,-0.97088349514389
0,0,0,-45.0,-0.7767087378645099
0,0,0,-44.0,-0.9587475728152767
0,0,0,-43.0,-0.9951504854369142
0,0,0,-42.0,-0.6796165048552361
0,0,0,-41.0,-1.0922378640784554
0,0,0,-40.0,-0.752427184465155
0,0,0,-39.0,-0.7766990291256958
0,0,0,-38.0,-0.5946553398061886
0,0,0,-37.0,-0.8252524271859973
0,0,0,-36.0,-0.7160291262118536
0,0,0,-35.0,-0.7281601941729935
0,0,0,-34.0,-1.0436990291249482
0,0,0,-33.0,-1.2621456310699246
0,0,0,-32.0,-1.177189320389184
0,0,0,-31.0,-0.8737961165042982
0,0,0,-29.999999999999996,-0.7766990291258294
0,0,0,-29.0,-0.6432087378635521
0,0,0,-28.0,-0.3519514563099579
0,0,0,-27.0,-0.9951553398058963
0,0,0,-26.0,-0.8252524271857616
0,0,0,-25.0,-0.7766990291276936
0,0,0,-24.0,-0.6674854368913378
0,0,0,-23.0,-0.5461262135926201
0,0,0,-22.0,-0.8252572815539135
0,0,0,-21.0,-0.30340776698960276
0,0,0,-20.0,-0.8009708737872074
0,0,0,-19.0,-1.06796601941885
0,0,0,-18.0,-0.6553446601946151
0,0,0,-17.0,-0.1335048543696451
0,0,0,-16.0,-0.31554368932007976
0,0,0,-14.999999999999998,-0.33981553397928044
0,0,0,-14.0,-0.5825339805831915
0,0,0,-13.0,-0.4004951456297519
0,0,0,-12.0,-0.5218543689331854
0,0,0,-11.0,-0.9587427184476617
0,0,0,-10.0,-0.509718446603045
0,0,0,-9.0,-0.37622330097035644
0,0,0,-8.0,-0.5582621359244185
0,0,0,-7.0,-0.2063155339795473
0,0,0,-6.0,-0.2305970873780197
0,0,0,-5.0,-0.6553495145631826
0,0,0,-4.0,-0.7767087378666512
0,0,0,-3.0,-0.6917572815534622
0,0,0,-2.0,-1.2742766990297834
0,0,0,-1.0,-1.2257330097089798
0,0,0,-0.0,-1.2014660194181923
0,0,0,1.0,-2.6092330097034475
0,0,0,2.0,-4.417480582507584
0,0,0,3.0,-6.067970873758723
0,0,0,4.0,-6.262145631047773
0,0,0,5.0,-6.601956310647393
0,0,0,6.0,-6.116514563080692
0,0,0,7.0,-6.492728155306221
0,0,0,8.0,-5.63107766988343
0,0,0,9.0,-5.49757766988664
0,0,0,10.0,-5.764572815511415
0,0,0,11.0,-6.116514563076529
0,0,0,12.0,-7.293699029071448
0,0,0,13.0,-7.694189320328301
0,0,0,14.0,-7.317980582475171
0,0,0,14.999999999999998,-7.9004999999395995
0,0,0,16.0,-7.00243689316034
0,0,0,17.0,-7.378650485382537
0,0,0,18.0,-7.111660194126096
0,0,0,19.0,-7.099519417430305
0,0,0,20.0,-7.087383495097364
0,0,0,21.0,-6.990296116460208
0,0,0,22.0,-7.0267087378179305
0,0,0,23.0,-7.123796116455002
0,0,0,24.0,-6.796121359180075
0,0,0,25.0,-7.123796116456295
0,0,0,26.0,-7.730592232950651
0,0,0,27.0,-7.487873786358041
0,0,0,28.0,-7.706315533929022
0,0,0,29.0,-8.422334951391045
0,0,0,29.999999999999996,-8.834956310606925
0,0,0,31.0,-9.563106796035497
0,0,0,32.0,-10.145640776623074
0,0,0,33.0,-11.116509708679777
0,0,0,34.0,-12.293694174747165
0,0,0,35.0,-13.968451456322446
0,0,0,36.0,-15.825247572843843
0,0,0,37.0,-17.5364077670094
0,0,0,38.0,-19.67233009709513
0,0,0,39.0,-21.832529126280914
0,0,0,40.0,-24.793694174821816
0,0,0,41.0,-28.434475728279025
0,0,0,42.0,-32.40291747576042
0,0,0,43.0,-37.196611650681696
0,0,0,44.0,-42.80341262141192
0,0,0,45.0,-48.094674757362874
0,0,0,46.0,-54.15050000009541
0,0,0,47.0,-60.46116990314422
0,0,0,48.0,-67.50000485451066
0,0,0,49.0,-74.89077669928966
0,0,0,50.0,-82.57282524286107
0,0,0,51.0,-90.12135922343775
0,0,0,52.0,-99.19903883501017
0,0,0,53.0,-108.22816504861412
0,0,0,54.0,-117.62136893198404
0,0,0,55.0,-126.26213592247377
0,0,0,56.0,-135.33981067975404
0,0,0,57.0,-144.429616505077
0,0,0,58.0,-153.33738834933578
0,0,0,59.0,-162.33010194174173
0,0,0,59.99999999999999,-171.62622330103156
0,0,0,61.00000000000001,-180.31553883499296
0,0,0,62.0,-189.7208834951815
0,0,0,62.99999999999999,-197.68204854386727
0,0,0,64.0,-206.7475776694722
0,0,0,65.0,-214.63593203901374
0,0,0,66.0,-223.04612135917517
0,0,0,67.0,-230.78883495158598
0,0,0,68.0,-238.38593203883457
0,0,0,69.0,-246.01942232976887
0,0,0,70.0,-253.15534951410723
0,0,0,71.0,-259.8907815530021
0,0,0,72.0,-266.94175242780335
0,0,0,73.0,-273.47088349512
0,0,0,74.0,-279.19903883467646
0,0,0,75.0,-285.5703980580181
0,0,0,76.0,-291.18932038777547
0,0,0,77.0,-296.4805970868522
0,0,0,78.0,-301.84466990262723
0,0,0,79.0,-306.32282038832693
0,0,0,80.0,-311.5291407760533
0,0,0,81.0,-316.0437038835944
0,0,0,82.0,-320.4368980574232
0,0,0,83.0,-324.5266990293544
0,0,0,84.0,-328.3737912621449
0,0,0,85.0,-331.54127184433054
0,0,0,86.0,-334.4902961162996
0,0,0,87.0,-337.80340776725933
0,0,0,88.0,-340.5339805822398
0,0,0,89.0,-343.78641262137717
0,0,0,90.0,-346.05583009698057
0,0,0,91.0,-348.4466116515414
0,0,0,92.0,-350.2670000007653
0,0,0,93.0,-352.5000145629482
0,0,0,94.0,-353.53156310730895
0,0,0,95.0,-354.8786504843977
0,0,0,96.0,-356.16505339800733
0,0,0,97.0,-357.40291747624923
0,0,0,98.0,-357.9611699031459
0,0,0,99.0,-358.7378737859745
0,0,0,100.0,-359.3568106795897
0,0,0,101.0,-360.24272815551376
0,0,0,102.0,-360.10924271797955
0,0,0,103.0,-360.3640873778413
0,0,0,104.0,-360.48544174736725
0,0,0,105.0,-359.186902912778
0,0,0,106.0,-359.22330582540764
0,0,0,107.0,-358.2160242717854
0,0,0,108.0,-357.58495631055024
0,0,0,109.0,-356.7718495149029
0,0,0,110.0,-355.983019418173
0,0,0,111.0,-354.5024368942041
0,0,0,112.0,-352.9490436890251
0,0,0,113.0,-350.9223398056975
0,0,0,114.0,-348.13108252394716
0,0,0,115.0,-345.04855339791595
0,0,0,116.0,-342.51214077582154
0,0,0,117.0,-340.7281601942678
0,0,0,118.0,-339.58738349528403
0,0,0,119.0,-337.46359708770945
0,0,0,119.99999999999999,-335.64320873870156
0,0,0,121.00000000000001,-333.90778155384885
0,0,0,122.00000000000001,-331.56554854307535
0,0,0,123.0,-329.720878640893
0,0,0,124.0,-327.3058300968983
0,0,0,125.0,-324.63593203905003
0,0,0,125.99999999999999,-322.4514708742983
0,0,0,127.00000000000001,-320.121364078016
0,0,0,128.0,-317.8762184469448
0,0,0,129.0,-315.71602912610865
0,0,0,130.0,-313.5072864074149
0,0,0,131.0,-310.40049029064954
0,0,0,132.0,-308.00971359193335
0,0,0,133.0,-305.44903398051576
0,0,0,134.0,-302.7427184468034
0,0,0,135.0,-299.7330145622842
0,0,0,136.0,-297.66990776633924
0,0,0,137.0,-295.5218543682231
0,0,0,138.0,-292.7427281552009
0,0,0,139.0,-289.6844660198371
0,0,0,140.0,-287.184466019676
0,0,0,141.0,-283.70146601903735
0,0,0,142.0,-280.77670388308815
0,0,0,143.0,-278.33738834952993
0,0,0,144.0,-275.3762233011519
0,0,0,145.0,-272.5242815531618
0,0,0,146.0,-269.70874271900067
0,0,0,147.0,-267.3543737866611
0,0,0,148.0,-264.5509805825465
0,0,0,149.0,-261.40778155317275
0,0,0,150.0,-258.6165194174261
0,0,0,151.0,-255.84951941732905
0,0,0,152.0,-252.985451455608
0,0,0,153.0,-250.03641747490386
0,0,0,154.0,-246.711169902699
0,0,0,155.0,-244.11408252418013
0,0,0,156.0,-241.32282038921562
0,0,0,157.0,-238.3252524269512
0,0,0,158.0,-236.01942232942554
0,0,0,159.0,-233.5801019415476
0,0,0,160.0,-230.25485922272307
0,0,0,161.0,-227.7669951458741
0,0,0,162.0,-224.45389320414515
0,0,0,163.0,-221.50485436861274
0,0,0,164.0,-219.13835922305833
0,0,0,165.0,-216.14078640745586
0,0,0,166.0,-213.1189368930561
0,0,0,167.0,-211.03156310690437
0,0,0,168.0,-208.9077766988103
0,0,0,169.0,-206.4684611650204
0,0,0,170.0,-203.1068106799408
0,0,0,171.0,-200.32768446589648
0,0,0,172.0,-197.8276796116601
0,0,0,173.0,-195.1941844662082
0,0,0,174.0,-193.45874757307578
0,0,0,175.0,-191.09223786424013
0,0,0,176.0,-188.43447572800733
0,0,0,177.0,-185.99515533978763
0,0,0,178.0,-184.1383543689187
0,0,0,179.0,-182.40292718447654
0,0,0,180.0,-180.12136407758092
0,0,0,181.0,-177.24515533987636
0,0,0,182.0,-174.66019417464761
0,0,0,183.0,-172.66990776711768
0,0,0,184.0,-170.9830194173771
0,0,0,185.0,-169.0412669904596
0,0,0,186.0,-167.53641747567477
0,0,0,187.0,-165.93447572806082
0,0,0,188.0,-163.53156310667418
0,0,0,189.0,-160.74030097082152
0,0,0,190.0,-158.76214077677108
0,0,0,191.0,-156.3835048545558
0,0,0,192.0,-154.76942718462072
0,0,0,193.0,-152.94903883514218
0,0,0,194.0,-151.01942233020787
0,0,0,195.0,-149.38107281578877
0,0,0,196.0,-147.81554368945106
0,0,0,197.0,-145.74030097101783
0,0,0,198.0,-143.1796165047959
0,0,0,199.0,-140.82524757311367
0,0,0,200.0,-138.94418446619719
0,0,0,201.0,-136.79612621372152
0,0,0,202.0,-135.13350485444835
0,0,0,203.0,-133.24029611649618
0,0,0,204.0,-130.8980582522459
0,0,0,205.0,-129.150485436765
0,0,0,206.0,-126.86893203866218
0,0,0,207.0,-125.03641262122879
0,0,0,208.0,-123.36166019392498
0,0,0,209.0,-122.196606795844
0,0,0,210.0,-120.16991262135554
0,0,0,211.0,-117.90049514553526
0,0,0,212.0,-115.8131165047734
0,0,0,213.0,-114.2475825245165
0,0,0,214.0,-112.9004902913503
0,0,0,215.0,-112.00243689342079
0,0,0,216.0,-110.55826213597923
0,0,0,217.0,-108.79855339816733
0,0,0,218.0,-106.90534951456897
0,0,0,219.0,-105.21846116492029
0,0,0,220.0,-104.5267087380327
0,0,0,221.0,-102.98544660199606
0,0,0,222.0,-101.66262621379806
0,0,0,223.0,-100.38835922349166
0,0,0,224.0,-98.78641262152107
0,0,0,225.0,-97.75486407788604
0,0,0,226.0,-96.97816019448575
0,0,0,227.0,-95.8737961167992
0,0,0,228.0,-94.83010194192461
0,0,0,229.0,-93.30097087398836
0,0,0,230.0,-91.85680097093095
0,0,0,231.0,-90.631077669912
0,0,0,232.0,-89.9150533982412
0,0,0,233.0,-88.72573786418232
0,0,0,234.0,-87.88835436899666
0,0,0,235.0,-86.8932087378164
0,0,0,236.0,-85.69175728171916
0,0,0,237.0,-84.73301456330415
0,0,0,238.0,-83.27670873806012
0,0,0,239.0,-82.69418446620656
0,0,0,239.99999999999997,-81.78398058279932
0,0,0,241.0,-80.77671359240041
0,0,0,242.00000000000003,-80.10923300980038
0,0,0,243.0,-78.76214563124877
0,0,0,244.00000000000003,-78.00972330111951
0,0,0,244.99999999999997,-77.17233980600919
0,0,0,246.0,-76.09223786430755
0,0,0,246.99999999999997,-75.30340776711421
0,0,0,248.0,-74.42962621380809
0,0,0,249.00000000000003,-73.1796165049574
0,0,0,250.0,-72.39078155349517
0,0,0,251.0,-72.1237912622916
0,0,0,251.99999999999997,-70.80098058268386
0,0,0,253.0,-69.80582524282877
0,0,0,254.00000000000003,-68.87136407773403
0,0,0,255.0,-67.83981067960674
0,0,0,256.0,-67.01456796122753
0,0,0,257.0,-66.39563592238561
0,0,0,258.0,-65.25486407776258
0,0,0,259.0,-64.25971844649122
0,0,0,260.0,-63.53156796115985
0,0,0,261.0,-62.50000970883094
0,0,0,262.0,-62.29369417474581
0,0,0,263.0,-61.79612135931471
0,0,0,264.0,-61.03156310677211
0,0,0,265.0,-60.44903883502526
0,0,0,266.0,-59.0048640776327
0,0,0,267.0,-58.203898058235815
0,0,0,268.0,-57.6577815534723
0,0,0,269.0,-56.75971844670971
0,0,0,270.0,-56.990300970987306
0,0,0,271.0,-56.140786407884384
0,0,0,272.0,-55.351951456440396
0,0,0,273.0,-54.90292233016858
0,0,0,274.0,-53.71360194180387
0,0,0,275.0,-53.10680582529702
0,0,0,276.0,-52.52428640784164
0,0,0,277.0,-52.40291747580842
0,0,0,278.0,-51.33496601953676
0,0,0,279.0,-51.44417961185292
0,0,0,280.0,-50.825247573022594
0,0,0,281.0,-50.52185436902797
0,0,0,282.0,-50.14564077692179
0,0,0,283.0,-49.81797572826374
0,0,0,284.0,-49.320388349578344
0,0,0,285.0,-49.06554368944773
0,0,0,286.0,-48.25243203890103
0,0,0,287.0,-47.87621844679275
0,0,0,288.0,-47.90049514580548
0,0,0,289.0,-47.48786893222098
0,0,0,290.0,-46.92961650490415
0,0,0,291.0,-46.601951456442556
0,0,0,292.0,-46.21360194190111
0,0,0,293.0,-45.7403009709038
0,0,0,294.0,-45.29127184476823
0,0,0,295.0,-44.90292233020375
0,0,0,296.0,-44.44175242733213
0,0,0,297.0,-43.81068932052083
0,0,0,298.0,-43.373791262382284
0,0,0,299.0,-43.240300971061174
0,0,0,300.0,-42.572825242823065
0,0,0,301.0,-42.68204854377659
0,0,0,302.0,-41.820398058230936
0,0,0,303.0,-41.808262135994255
0,0,0,304.0,-40.99515533982513
0,0,0,305.0,-40.48543689325717
0,0,0,306.0,-39.975733009765996
0,0,0,307.0,-39.76941747577904
0,0,0,308.0,-39.25971359226934
0,0,0,309.0,-38.98059223306189
0,0,0,310.0,-38.7378737864847
0,0,0,311.0,-38.67719417486592
0,0,0,312.0,-38.30098058266966
0,0,0,313.0,-37.94903883500419
0,0,0,314.0,-37.31797572819451
0,0,0,315.0,-37.24516019417672
0,0,0,316.0,-36.626223301019245
0,0,0,317.0,-36.34709708741787
0,0,0,318.0,-36.46845631077571
0,0,0,319.0,-35.89806796116693
0,0,0,320.0,-35.75243689320542
0,0,0,321.0,-35.32767961168219
0,0,0,322.0,-34.720888349631274
0,0,0,323.0,-34.720883495165104
0,0,0,324.0,-34.53884466021272
0,0,0,325.0,-34.17476699035961
0,0,0,326.0,-34.10195145638578
0,0,0,327.0,-33.60437378645414
0,0,0,328.0,-33.28883980581174
0,0,0,329.0,-32.41505825249312
0,0,0,330.0,-32.87621844660853
0,0,0,331.0,-32.77913106799355
0,0,0,332.0,-32.463601941769966
0,0,0,333.0,-31.917480582532676
0,0,0,334.0,-32.014572815552015
0,0,0,335.0,-31.966024271911174
0,0,0,336.0,-31.650490291269655
0,0,0,337.0,-31.359223301047763
0,0,0,338.0,-31.20145631076486
0,0,0,339.0,-30.7402961165415
0,0,0,340.0,-30.898067961245793
0,0,0,341.0,-30.94661165056765
0,0,0,342.0,-30.485441747578935
0,0,0,343.0,-30.679621359278023
0,0,0,344.0,-30.097097087436484
0,0,0,345.0,-30.121364077718084
0,0,0,346.0,-29.708747572924207
0,0,0,347.0,-29.939325242797963
0,0,0,348.0,-29.53883980591234
0,0,0,349.0,-29.66020388358265
0,0,0,350.0,-29.356810679667483
0,0,0,351.0,-29.356805825311554
0,0,0,352.0,-28.94418446605999
0,0,0,353.0,-28.992728155394786
0,0,0,354.0,-29.186898058298915
0,0,0,355.0,-28.89563592242461
0,0,0,356.0,-27.99757281556547
0,0,0,357.0,-27.754859223363276
0,0,0,358.0,-27.791266990336084
0,0,0,359.0,-27.500009708808225
0,0,0,360.0,-27.07524757282435
0,0,0,361.0,-27.354373786386063
0,0,0,362.0,-27.148063106802347
0,0,0,363.0,-26.953888349557243
0,0,0,364.0,-27.026703883551523
0,0,0,365.0,-26.699033980609823
0,0,0,366.0,-26.37135922332623
0,0,0,367.0,-26.298553398120617
0,0,0,368.0,-25.825247572915803
0,0,0,369.0,-25.643213592238585
0,0,0,370.0,-25.837388349603856
0,0,0,371.0,-25.218456310742617
0,0,0,372.0,-25.169917475717323
0,0,0,373.0,-24.951456310719397
0,0,0,374.0,-24.563116504870937
0,0,0,375.0,-24.599524271911076
0,0,0,376.0,-24.526703883525443
0,0,0,377.0,-24.308262135990642
0,0,0,378.0,-24.55097087381106
0,0,0,379.0,-24.575252427256324
0,0,0,380.0,-24.344669902981565
0,0,0,381.0,-24.356805825228086
0,0,0,382.0,-24.150495145666156
0,0,0,383.0,-24.004864077710113
0,0,0,384.0,-23.567970873880626
0,0,0,385.0,-23.652917475767175
0,0,0,386.0,-23.580106796170053
0,0,0,387.0,-23.774281553388057
0,0,0,388.0,-23.11894174760302
0,0,0,389.0,-23.131077669952628
0,0,0,390.0,-23.325252427196336
0,0,0,391.0,-23.082543689349244
0,0,0,392.0,-23.131077669931404
0,0,0,393.0,-22.669907767031095
0,0,0,394.0,-22.694184466081158
0,0,0,395.0,-22.973300970931664
0,0,0,396.0,-22.34223786411374
0,0,0,397.0,-22.536412621371074
0,0,0,398.0,-22.609233009745964
0,0,0,399.0,-22.645645631134617
0,0,0,400.0,-22.196616504821066
0,0,0,401.0,-22.014572815523568
0,0,0,402.0,-21.699038834914735
0,0,0,403.0,-21.844665048568146
0,0,0,404.0,-21.35922330100599
0,0,0,405.0,-20.861655339840667
0,0,0,406.0,-21.29855339808685
0,0,0,407.0,-21.32282038839125
0,0,0,408.0,-21.213601941777156
0,0,0,409.0,-21.25001456312648
0,0,0,410.0,-21.12864563107937
0,0,0,411.0,-21.140781553380876
0,0,0,412.0,-20.72816019417452
0,0,0,413.0,-20.643213592242567
0,0,0,414.0,-20.206320388365654
0,0,0,415.0,-20.43690291261195
0,0,0,416.0,-20.206315534029496
0,0,0,417.0,-20.48544660191798
0,0,0,418.0,-20.728160194148074
0,0,0,419.0,-20.26699514564117
0,0,0,420.0,-19.987868932121692
0,0,0,421.0,-19.89078155344861
0,0,0,422.0,-19.76942233012226
0,0,0,423.0,-19.878650485469876
0,0,0,424.0,-19.35680097088652
0,0,0,425.0,-19.247572815526233
0,0,0,426.0,-19.42961165051385
0,0,0,427.0,-19.466029126231494
0,0,0,428.0,-19.089815534048242
0,0,0,429.0,-18.992728155382864
0,0,0,430.0,-18.73787378641623
0,0,0,431.0,-18.349524271855003
0,0,0,432.0,-18.313116504860613
0,0,0,433.0,-18.56797087376922
0,0,0,434.0,-18.458737864045148
0,0,0,435.0,-18.228160194171508
0,0,0,436.0,-18.36166019419846
0,0,0,437.0,-18.30098058249562
0,0,0,438.0,-18.058262135941042
0,0,0,439.0,-17.93689805828768
0,0,0,440.0,-17.70632038838178
0,0,0,441.0,-18.167485436909768
0,0,0,442.0,-18.046121359214577
0,0,0,443.0,-18.021849514587927
0,0,0,444.0,-17.80340291263692
0,0,0,445.0,-17.827684466049334
0,0,0,446.0,-17.86408252431013
0,0,0,447.0,-17.730587378645364
0,0,0,448.0,-17.73058252430085
0,0,0,449.0,-17.657776699060232
0,0,0,450.0,-17.500004854406615
0,0,0,451.0,-17.31796116503123
0,0,0,452.0,-17.293699029145056
0,0,0,453.0,-17.305830097082346
0,0,0,454.0,-17.512140776713352
0,0,0,455.0,-16.941757281560673
0,0,0,456.0,-17.050980582519554
0,0,0,457.0,-16.735441747558184
0,0,0,458.0,-16.82039805824824
0,0,0,459.0,-16.516995145649414
0,0,0,460.0,-16.347092233008738
0,0,0,461.0,-16.262145631084778
0,0,0,462.0,-16.347092233054138
0,0,0,463.0,-15.995145631072072
0,0,0,464.0,-15.995155339843587
0,0,0,465.0,-16.334956310682234
0,0,0,466.0,-16.055834951439472
0,0,0,467.0,-15.776708737885253
0,0,0,468.0,-16.152922330117438
0,0,0,469.0,-15.679621359223594
0,0,0,470.0,-16.019432038846656
0,0,0,471.0,-15.327684466047856
0,0,0,472.0,-15.40049514565309
0,0,0,473.0,-15.594669902927759
0,0,0,474.0,-15.436902912613787
0,0,0,475.0,-15.63107281558222
0,0,0,476.0,-15.315538834936461
0,0,0,477.00000000000006,-15.77670388352137
0,0,0,478.0,-15.21845631072255
0,0,0,479.0,-14.939325242735785
0,0,0,479.99999999999994,-15.036417475738906
0,0,0,481.00000000000006,-14.684470873759984
0,0,0,482.0,-14.490291262149622
0,0,0,482.99999999999994,-14.73301941748735
0,0,0,484.00000000000006,-14.92718932037954
0,0,0,485.0,-15.036417475733042
0,0,0,486.0,-15.024281553401618
0,0,0,486.99999999999994,-14.684475728169389
0,0,0,488.00000000000006,-14.51457281552702
0,0,0,489.0,-14.769432038847341
0,0,0,489.99999999999994,-14.368941747569421
0,0,0,491.00000000000006,-14.466024271861244
0,0,0,492.0,-14.69660679612674
0,0,0,493.0,-14.890776699012337
0,0,0,493.99999999999994,-14.550980582522445
0,0,0,495.0,-14.24758252430988
0,0,0,496.0,-14.490300970867672
0,0,0,496.99999999999994,-14.429621359236073
0,0,0,498.00000000000006,-14.235451456295808
0,0,0,499.0,-14.053412621378078
0,0,0,500.0,-14.550980582530165
0,0,0,501.00000000000006,-14.283990291250246
0,0,0,502.0,-13.859233009676867
0,0,0,503.0,-13.519422330108776
0,0,0,503.99999999999994,-13.713601941733838
0,0,0,505.00000000000006,-13.762150485443062
0,0,0,506.0,-14.004854368944551
0,0,0,507.0,-13.337383495158154
0,0,0,508.00000000000006,-13.580106796099493
0,0,0,509.0,-13.567970873806631
0,0,0,510.0,-14.089820388360096
0,0,0,510.99999999999994,-13.665058252425451
0,0,0,512.0,-13.87136893205963
0,0,0,513.0,-13.7621407766641
0,0,0,514.0,-13.713606796114142
0,0,0,515.0,-13.34952912617978
0,0,0,516.0,-13.507296116474317
0,0,0,517.0,-13.470883495136402
0,0,0,518.0,-13.046126213590853
0,0,0,519.0,-12.985441747523312
0,0,0,520.0,-13.240291262108084
0,0,0,521.0,-13.288844660218226
0,0,0,522.0,-13.276708737852697
0,0,0,523.0,-13.398063106786184
0,0,0,524.0,-13.021854368889644
0,0,0,525.0,-12.985446601917618
0,0,0,526.0,-13.070388349485269
0,0,0,527.0,-12.706310679575237
0,0,0,528.0,-12.80339805818067
0,0,0,529.0,-12.330101941692268
0,0,0,530.0,-12.330106796094555
0,0,0,531.0,-12.36651456306904
0,0,0,532.0,-12.621368932004518
0,0,0,533.0,-12.730592232983216
0,0,0,534.0,-12.59709708730877
0,0,0,535.0,-12.451461165025366
0,0,0,536.0,-12.233019417416747
0,0,0,537.0,-12.002427184400355
0,0,0,538.0,-12.160203883460564
0,0,0,539.0,-12.2815631067427
0,0,0,540.0,-12.002432038783988
0,0,0,541.0,-12.233014563063396
0,0,0,542.0,-12.148058252385416
0,0,0,543.0,-12.099524271784338
0,0,0,544.0,-12.184480582463857
0,0,0,545.0,-11.820398058189742
0,0,0,546.0,-11.856796116464276
0,0,0,547.0,-11.516990291231929
0,0,0,548.0,-11.844669902856818
0,0,0,549.0,-11.674766990245335
0,0,0,550.0,-11.796126213548636
0,0,0,551.0,-11.820398058228248
0,0,0,552.0,-12.002432038763862
0,0,0,553.0,-12.014567961097146
0,0,0,554.0,-11.893208737806537
0,0,0,555.0,-11.85680097081384
0,0,0,556.0,-11.492728155277955
0,0,0,557.0,-11.395645631049618
0,0,0,558.0,-11.589815533960024
0,0,0,559.0,-11.310684465989825
0,0,0,560.0,-11.735441747525602
0,0,0,561.0,-11.395635922275739
0,0,0,562.0,-11.395631067923839
0,0,0,563.0,-11.286417475677743
0,0,0,564.0,-11.286417475676405
0,0,0,565.0,-11.26215048541317
0,0,0,566.0,-10.825252427141061
0,0,0,567.0,-11.116514563063085
0,0,0,568.0,-10.667480582475033
0,0,0,569.0,-10.740296116446858
0,0,0,570.0,-10.6796165047861
0,0,0,571.0,-10.898063106741441
0,0,0,572.0,-10.946616504819348
0,0,0,573.0,-10.69176699022663
0,0,0,574.0,-10.716033980519267
0,0,0,575.0,-10.327684465944913
0,0,0,576.0,-10.825252427130637
0,0,0,577.0,-10.266995145565181
0,0,0,578.0,-10.703888349461204
0,0,0,579.0,-10.618932038766998
0,0,0,580.0,-10.958742718374959
0,0,0,581.0,-10.679616504781354
0,0,0,582.0,-10.861655339743372
0,0,0,583.0,-10.631072815466807
0,0,0,584.0,-10.910203883431366
0,0,0,585.0,-10.825252427111584
0,0,0,586.0,-10.497577669837234
0,0,0,587.0,-10.351951456247225
0,0,0,588.0,-10.461174757194975
0,0,0,589.0,-10.558262135855538
0,0,0,590.0,-10.618941747513748
0,0,0,591.0,-10.461169902849353
0,0,0,592.0,-10.61894174748685
0,0,0,593.0,-10.521859223221211
0,0,0,594.0,-10.558262135868192
0,0,0,595.0,-10.097101941676074
0,0,0,596.0,-10.012145630989691
0,0,0,597.0,-10.145635922255211
0,0,0,598.0,-10.267004854295825
0,0,0,599.0,-10.424766990227416
0,0,0,600.0,-10.43689805817483
0,0,0,601.0,-10.327679611580594
0,0,0,602.0,-9.987873786317822
0,0,0,603.0,-9.745150485373955
0,0,0,604.0,-9.611660194096201
0,0,0,605.0,-10.109228155252765
0,0,0,606.0,-9.708742718374129
0,0,0,607.0,-9.696606796049386
0,0,0,608.0,-9.708747572737758
0,0,0,609.0,-9.927194174668559
0,0,0,610.0,-9.720888349430686
0,0,0,611.0,-9.93932524264062
0,0,0,612.0,-9.393208737794687
0,0,0,613.0,-9.417490291199494
0,0,0,614.0,-9.648067961099255
0,0,0,615.0,-9.526703883429793
0,0,0,616.0,-9.793699029046492
0,0,0,617.0,-9.490296116429175
0,0,0,618.0,-9.514567961087185
0,0,0,619.0,-9.563116504775437
0,0,0,620.0,-9.587393203809611
0,0,0,621.0,-9.611665048466255
0,0,0,622.0,-9.563111650406375
0,0,0,623.0,-9.35681067954708
0,0,0,624.0,-9.69661165041745
0,0,0,625.0,-9.55098058244938
0,0,0,626.0,-8.932053397983543
0,0,0,627.0,-9.259723300891809
0,0,0,628.0,-9.186898058174348
0,0,0,629.0,-9.126223300906755
0,0,0,630.0,-9.04127669896479
0,0,0,631.0,-9.077684465952546
0,0,0,632.0,-9.065543689242547
0,0,0,633.0,-8.750009708667998
0,0,0,634.0,-8.774276698965688
0,0,0,635.0,-8.932033980525892
0,0,0,636.0,-9.21116504846277
0,0,0,637.0,-8.786407766929145
0,0,0,638.0,-8.883499999940925
0,0,0,639.0,-8.932048543623376
0,0,0,640.0,-9.12622815526272
0,0,0,641.0,-8.932048543622669
0,0,0,642.0,-9.0048640776121
0,0,0,643.0,-8.66506310674164
0,0,0,644.0,-8.932048543642624
0,0,0,645.0,-8.786412621287411
0,0,0,646.0,-8.847092232941376
0,0,0,647.0,-9.368936893130451
0,0,0,648.0,-9.39320388342829
0,0,0,649.0,-9.041271844588833
0,0,0,650.0,-9.271854368854449
0,0,0,651.0,-9.07767961157964
0,0,0,652.0,-8.786417475659544
0,0,0,653.0,-8.932043689264956
0,0,0,654.0,-8.458747572766319
0,0,0,655.0,-8.64078155334582
0,0,0,656.0,-8.725728155285413
0,0,0,657.0,-8.90777669897898
0,0,0,658.0,-8.78640776692973
0,0,0,659.0,-8.907771844604515
0,0,0,660.0,-8.798553397991299
0,0,0,661.0,-8.385932038778005
0,0,0,662.0,-8.677184465956408
0,0,0,663.0,-8.616504854307513
0,0,0,664.0,-8.495150485382226
0,0,0,665.0,-8.349514563044819
0,0,0,666.0,-8.580106796056755
0,0,0,667.0,-8.774281553343974
0,0,0,668.0,-8.446606796065472
0,0,0,669.0,-8.628655339736873
0,0,0,670.0,-8.410199029066892
0,0,0,671.0,-8.373796116456713
0,0,0,672.0,-8.216029126153842
0,0,0,673.0,-8.458733009658634
0,0,0,674.0,-8.264567961125898
0,0,0,675.0,-8.677184465967605
0,0,0,676.0,-8.543699029074824
0,0,0,677.0,-8.713601941691298
0,0,0,678.0,-8.652922330028852
0,0,0,679.0,-8.385936893150557
0,0,0,680.0,-8.55583495139854
0,0,0,681.0,-8.519427184397587
0,0,0,682.0,-8.470878640707138
0,0,0,683.0,-8.7500048543136
0,0,0,684.0,-8.531563106737455
0,0,0,685.0,-8.300975728104255
0,0,0,686.0,-8.519422330045824
0,0,0,687.0,-9.138359223229816
0,0,0,688.0,-8.89564077663669
0,0,0,689.0,-8.847097087323581
0,0,0,690.0,-8.288834951399862
0,0,0,691.0,-8.713601941690058
0,0,0,692.0,-8.252432038777082
0,0,0,693.0,-7.9369029125670085
0,0,0,694.0,-8.39806796110892
0,0,0,695.0,-8.4587475727652
0,0,0,696.0,-8.228165048497216
0,0,0,697.0,-8.300980582475875
0,0,0,698.0,-8.88350485430053
0,0,0,699.0,-8.88350485430951
0,0,0,700.0,-8.19175728149957
0,0,0,701.0,-8.264572815486845
0,0,0,702.0,-8.021844660139648
0,0,0,703.0,-8.313111650438202
0,0,0,704.0,-8.325247572753739
0,0,0,705.0,-8.810689320328109
0,0,0,706.0,-8.65292718441061
0,0,0,707.0,-8.859237864021285
0,0,0,708.0,-8.77428640770853
0,0,0,709.0,-8.665063106743467
0,0,0,710.0,-8.264567961108956
0,0,0,711.0,-8.191757281507895
0,0,0,712.0,-8.483014563057088
0,0,0,713.0,-8.60437378633905
0,0,0,714.0,-8.616509708674378
0,0,0,715.0,-8.398072815478022
0,0,0,716.0,-8.725742718384707
0,0,0,717.0,-8.580106796064934
0,0,0,718.0,-8.361655339736041
0,0,0,719.0,-8.567970873732573
0,0,0,720.0,-8.300975728100036
0,0,0,721.0,-8.519422330030766
0,0,0,722.0,-8.276708737813108
0,0,0,723.0,-8.143208737808452
0,0,0,724.0,-8.919912621291141
0,0,0,725.0,-8.361660194107818
0,0,0,726.0,-8.567970873730884
0,0,0,727.0,-8.640786407696558
0,0,0,728.0,-8.118936893147437
0,0,0,729.0,-8.325252427137562
0,0,0,730.0,-8.385922330029112
0,0,0,731.0,-8.434466019361505
0,0,0,732.0,-7.936888349460745
0,0,0,733.0,-7.949029126162497
0,0,0,734.0,-8.228160194115477
0,0,0,735.0,-8.507291262072343
0,0,0,736.0,-8.543699029074451
0,0,0,737.0,-8.264572815468785
0,0,0,738.0,-8.325247572763953
0,0,0,739.0,-7.936902912566669
0,0,0,740.0,-7.924757281516545
0,0,0,741.0,-8.094669902861375
0,0,0,742.0,-7.997582524221719
0,0,0,743.0,-8.288844660127175
0,0,0,744.0,-8.264577669846005
0,0,0,745.0,-8.458752427128353
0,0,0,746.0,-8.313116504794502
0,0,0,747.0,-8.24029611644193
0,0,0,748.0,-7.912621359182005
0,0,0,749.0,-7.973310679551886
0,0,0,750.0,-7.924762135869056
0,0,0,751.0,-7.900490291199395
0,0,0,752.0,-7.864087378585649
0,0,0,753.0,-7.779135922274395
0,0,0,754.0,-7.91262621353742
0,0,0,755.0,-8.04612621353276
0,0,0,756.0,-7.766999999937657
0,0,0,757.0,-7.8883543688914335
0,0,0,758.0,-7.936898058194847
0,0,0,759.0,-7.584961165002069
0,0,0,760.0,-7.839805825191352
0,0,0,761.0,-7.900495145575145
0,0,0,762.0,-7.475737864022102
0,0,0,763.0,-7.803407766940145
0,0,0,764.0,-7.718451456260126
0,0,0,765.0,-7.53641747567317
0,0,0,766.0,-7.718456310634233
0,0,0,767.0,-7.184475728104298
0,0,0,768.0,-7.293694174707759
0,0,0,769.0,-7.415058252373475
0,0,0,770.0,-7.063121359168389
0,0,0,771.0,-7.354383495084929
0,0,0,772.0,-7.59709223294728
0,0,0,773.0,-7.427199029075041
0,0,0,774.0,-7.669912621309349
0,0,0,775.0,-7.427194174698497
0,0,0,776.0,-7.451461165002553
0,0,0,777.0,-7.487864077611211
0,0,0,778.0,-7.330106796065755
0,0,0,779.0,-7.293699029076502
0,0,0,780.0,-7.3907912620828355
0,0,0,781.0,-7.961174757222242
0,0,0,782.0,-7.657771844609369
0,0,0,783.0,-7.71846116498106
0,0,0,784.0,-7.427194174698193
0,0,0,785.0,-7.17233495140509
0,0,0,786.0,-7.257281553341355
0,0,0,787.0,-7.099519417422355
0,0,0,788.0,-7.063111650436518
0,0,0,789.0,-7.257286407718455
0,0,0,790.0,-7.487864077612746
0,0,0,791.0,-7.220878640722807
0,0,0,792.0,-7.172334951417092
0,0,0,793.0,-7.463597087339173
0,0,0,794.0,-7.645635922282372
0,0,0,795.0,-7.415053398015358
0,0,0,796.0,-7.135932038779018
0,0,0,797.0,-7.402917475673729
0,0,0,798.0,-7.548553398004985
0,0,0,799.0,-7.2451504853846345
0,0,0,800.0,-7.402912621306642
0,0,0,801.0,-7.402922330049797
0,0,0,802.0,-7.233019417432251
0,0,0,803.0,-7.682048543636316
0,0,0,804.0,-7.330101941699142
0,0,0,805.0,-7.220883495099438
0,0,0,806.0,-7.536412621311059
0,0,0,807.0,-7.5000048543153355
0,0,0,808.0,-7.512140776645779
0,0,0,809.0,-7.536417475681302
0,0,0,810.0,-7.475737864022117
0,0,0,811.0,-7.718461165005634
0,0,0,812.0,-7.524281553350838
0,0,0,813.0,-7.536422330050269
0,0,0,814.0,-7.888359223251852
0,0,0,815.0,-7.718456310638962
0,0,0,816.0,-7.742723300926295
0,0,0,817.0,-7.415053398006573
0,0,0,818.0,-7.961174757226914
0,0,0,819.0,-7.718456310626208
0,0,0,820.0,-7.645635922284718
0,0,0,821.0,-7.706320388294202
0,0,0,822.0,-7.68204854364129
0,0,0,823.0,-7.657771844614968
0,0,0,824.0,-7.59709223295997
0,0,0,825.0,-7.949033980528918
0,0,0,826.0,-7.3665097086973494
0,0,0,827.0,-7.148063106752426
0,0,0,828.0,-7.500009708693631
0,0,0,829.0,-7.997577669849197
0,0,0,830.0,-7.8883592232477575
0,0,0,831.0,-7.487868931995857
0,0,0,832.0,-7.536407766940434
0,0,0,833.0,-7.487864077622433
0,0,0,834.0,-7.451461165003367
0,0,0,835.0,-7.233009708688487
0,0,0,836.0,-7.536422330048177
0,0,0,837.0,-7.548558252379061
0,0,0,838.0,-7.317970873749626
0,0,0,839.0,-7.560689320339855
0,0,0,840.0,-7.2936990290805
0,0,0,841.0,-7.584961164993437
0,0,0,842.0,-7.924771844599876
0,0,0,843.0,-7.451461164995662
0,0,0,844.0,-7.2208834951064045
0,0,0,845.0,-7.560689320348476
0,0,0,846.0,-7.584961164999113
0,0,0,847.0,-7.2087524271411025
0,0,0,848.0,-7.135932038794068
0,0,0,849.0,-7.087383495109439
0,0,0,850.0,-7.366509708692195
0,0,0,851.0,-7.184470873751672
0,0,0,852.0,-7.160203883463178
0,0,0,853.0,-6.905344660158725
0,0,0,854.0,-7.196611650447409
0,0,0,855.0,-6.686898058224162
0,0,0,856.0,-6.844669902867827
0,0,0,857.0,-6.868936893164727
0,0,0,858.0,-7.135932038789028
0,0,0,859.0,-7.148063106752562
0,0,0,860.0,-7.184475728117059
0,0,0,861.0,-6.953893203844005
0,0,0,862.0,-6.796126213557171
0,0,0,863.0,-6.6626262135587595
0,0,0,864.0,-7.111660194128979
0,0,0,865.0,-6.6626310679251315
0,0,0,866.0,-6.541271844629383
0,0,0,867.0,-6.686907766953249
0,0,0,868.0,-7.075242718402252
0,0,0,869.0,-6.808262135883443
0,0,0,870.0,-7.1116601941268565
0,0,0,871.0,-6.941747572777759
0,0,0,872.0,-6.820398058215948
0,0,0,873.0,-6.953888349480145
0,0,0,874.0,-6.140781553379058
0,0,0,875.0,-6.104368932019944
0,0,0,876.0,-6.28641262133165
0,0,0,877.0,-6.5898106795780285
0,0,0,878.0,-6.553398058231727
0,0,0,879.0,-6.783985436849803
0,0,0,880.0,-6.553402912597088
0,0,0,881.0,-6.529135922293025
0,0,0,882.0,-6.274286407738553
0,0,0,883.0,-6.347101941718855
0,0,0,884.0,-6.01942718444738
0,0,0,885.0,-5.78884951454581
0,0,0,886.0,-6.407771844637003
0,0,0,887.0,-6.128645631051566
0,0,0,888.0,-6.504859223273251
0,0,0,889.0,-6.4320436892926445
0,0,0,890.0,-6.322820388316376
0,0,0,891.0,-5.8737912621146
0,0,0,892.0,-6.128650485402749
0,0,0,893.0,-5.946611650465224
0,0,0,894.0,-6.516995145602613
0,0,0,895.0,-6.152922330069438
0,0,0,896.0,-6.4199126213343325
0,0,0,897.0,-6.29854854365907
0,0,0,898.0,-6.189330097064684
0,0,0,899.0,-6.152912621328382
0,0,0,900.0,-6.0801019417251645
0,0,0,901.0,-6.019427184440078
0,0,0,902.0,-5.667480582504956
0,0,0,903.0,-5.861660194161201
0,0,0,904.0,-6.019432038809296
0,0,0,905.0,-6.10437864074776
0,0,0,906.0,-6.20146601937812
0,0,0,907.0,-6.165058252400376
0,0,0,908.0,-6.019432038823242
0,0,0,909.0,-5.8373932038765854
0,0,0,910.0,-6.080111650459363
0,0,0,911.0,-5.7524368931811205
0,0,0,912.0,-5.764572815515999
0,0,0,913.0,-6.055825242698457
0,0,0,914.0,-5.655344660184569
0,0,0,915.0,-5.800970873764513
0,0,0,916.0,-5.77670873784241
0,0,0,917.0,-6.11650970870316
0,0,0,918.0,-5.873796116488379
0,0,0,919.0,-5.910194174726021
0,0,0,920.0,-6.067970873760522
0,0,0,921.0,-5.643203883465466
0,0,0,922.0,-5.7281553397868405
0,0,0,923.0,-4.9271893203749535
0,0,0,924.0,-5.558257281532941
0,0,0,925.0,-5.376218446586308
0,0,0,926.0,-5.2548640776631705
0,0,0,927.0,-5.631072815514208
0,0,0,928.0,-5.546126213579032
0,0,0,929.0,-5.279135922318
0,0,0,930.0,-5.109233009693354
0,0,0,931.0,-4.87865048542457
0,0,0,932.0,-5.157776699008486
0,0,0,933.0,-5.048543689303927
0,0,0,934.0,-5.060684466004365
0,0,0,935.0,-5.497577669879201
0,0,0,936.0,-5.6674805825009535
0,0,0,937.0,-5.412631067944474
0,0,0,938.0,-5.449038834933623
0,0,0,939.0,-5.461174757262471
0,0,0,940.0,-5.29127669901801
0,0,0,941.0,-5.18204854367673
0,0,0,942.0,-5.000009708712954
0,0,0,943.0,-5.291271844643385
0,0,0,944.0,-5.716029126193015
0,0,0,945.0,-5.37621844658649
0,0,0,946.0,-5.800975728127378
0,0,0,947.0,-5.182043689305084
0,0,0,948.0,-5.461165048524337
0,0,0,949.0,-5.546116504841503
0,0,0,950.0,-5.230587378616983
0,0,0,951.0,-5.121368932024411
0,0,0,952.0,-5.436898058242924
0,0,0,953.0,-5.364087378617872
0,0,0,954.0000000000001,-5.072825242706357
0,0,0,955.0,-5.6796165048228655
0,0,0,956.0,-5.206315533966566
0,0,0,956.9999999999999,-5.279135922309693
0,0,0,958.0,-5.000009708731842
0,0,0,959.0,-5.036417475720831
0,0,0,959.9999999999999,-5.024281553374357
0,0,0,961.0,-5.194184466008439
0,0,0,962.0000000000001,-4.757286407758032
0,0,0,962.9999999999999,-5.473305825222406
0,0,0,964.0,-5.121368932025281
0,0,0,965.0000000000001,-5.218451456296137
0,0,0,965.9999999999999,-5.218456310664642
0,0,0,967.0,-5.0849563106661195
0,0,0,968.0000000000001,-4.927194174746392
0,0,0,969.0,-4.72087378639288
0,0,0,970.0,-4.866504854351772
0,0,0,971.0000000000001,-4.9029223300773745
0,0,0,972.0,-5.109228155332626
0,0,0,973.0,-5.00000970871728
0,0,0,973.9999999999999,-5.279135922314086
0,0,0,975.0,-5.242728155324695
0,0,0,976.0000000000001,-5.145645631052448
0,0,0,976.9999999999999,-5.121368932025084
0,0,0,978.0,-5.012140776684005
0,0,0,979.0000000000001,-5.266990291250634
0,0,0,979.9999999999999,-5.315538834928994
0,0,0,981.0,-5.024281553379377
0,0,0,982.0000000000001,-5.3034077669638835
0,0,0,983.0,-5.388359223283281
0,0,0,984.0,-5.182048543677907
0,0,0,985.0000000000001,-5.291271844635597
0,0,0,986.0,-5.3034077669594
0,0,0,987.0,-4.817966019403476
0,0,0,987.9999999999999,-5.14564077668188
0,0,0,989.0,-4.9271893203796875
0,0,0,990.0,-4.720878640766618
0,0,0,990.9999999999999,-5.09709708737157
0,0,0,992.0,-5.18204854366837
0,0,0,993.0000000000001,-5.364087378614882
0,0,0,993.9999999999999,-5.594674757255701
0,0,0,995.0,-5.279140776683015
0,0,0,996.0000000000001,-5.376223300942833
0,0,0,996.9999999999999,-5.30340291260267
0,0,0,998.0,-4.7208834951316
0,0,0,999.0000000000001,-4.76942233006789
0,0,0,1000.0,-4.987864077648654
0,0,0,1001.0,-5.2548543689041205
0,0,0,1002.0000000000001,-5.327679611623554
0,0,0,1003.0,-5.351951456284438
0,0,0,1004.0,-5.473315533950531
0,0,0,1004.9999999999999,-5.631077669876464
0,0,0,1006.0,-5.060684465997173
0,0,0,1007.0000000000001,-4.842242718430076
0,0,0,1007.9999999999999,-4.50243689319494
0,0,0,1009.0,-5.036412621337387
0,0,0,1010.0000000000001,-4.890781553378692
0,0,0,1010.9999999999999,-5.169902912596453
0,0,0,1012.0,-5.388349514548703
0,0,0,1013.0000000000001,-5.291266990268356
0,0,0,1014.0,-4.878645631054234
0,0,0,1015.0,-4.9150582524159105
0,0,0,1016.0000000000001,-5.2305922329896175
0,0,0,1017.0,-4.951470873768261
0,0,0,1018.0,-4.757286407750731
0,0,0,1018.9999999999999,-5.145640776675569
0,0,0,1020.0,-4.987868932020347
0,0,0,1021.0,-5.024271844639574
0,0,0,1021.9999999999999,-4.781558252416335
0,0,0,1023.0,-5.1941796116272405
0,0,0,1024.0,-5.206315533956484
0,0,0,1025.0,-4.74515048542526
0,0,0,1026.0,-5.182043689298558
0,0,0,1027.0,-4.757291262117746
0,0,0,1028.0,-4.854378640759663
0,0,0,1029.0,-4.405349514545579
0,0,0,1030.0,-4.805830097069302
0,0,0,1031.0,-4.97573300968927
0,0,0,1032.0,-4.86651456307864
0,0,0,1033.0,-4.64805825240738
0,0,0,1034.0,-4.805834951434603
0,0,0,1035.0,-4.660203883477536
0,0,0,1036.0,-4.417485436873719
0,0,0,1037.0,-4.405344660178824
0,0,0,1038.0,-4.9757330096868175
0,0,0,1039.0,-4.502436893187835
0,0,0,1040.0,-4.733014563092269
0,0,0,1041.0,-4.53883980580469
0,0,0,1042.0,-4.915058252413904
0,0,0,1043.0,-4.878650485431612
0,0,0,1044.0,-4.490291262121105
0,0,0,1045.0,-4.441757281542591
0,0,0,1046.0,-4.381072815525682
0,0,0,1047.0,-4.939325242703694
0,0,0,1048.0,-4.660194174737584
0,0,0,1049.0,-4.9029126213338525
0,0,0,1050.0,-4.975733009684877
0,0,0,1051.0,-4.4660194174624985
0,0,0,1052.0,-4.8301019417263245
0,0,0,1053.0,-4.4538932038762
0,0,0,1054.0,-4.599514563088272
0,0,0,1055.0,-4.805830097074093
0,0,0,1056.0,-4.902922330082115
0,0,0,1057.0,-4.733009708717937
0,0,0,1058.0,-4.769427184439814
0,0,0,1059.0,-5.15777184463591
0,0,0,1060.0,-4.87865048542159
0,0,0,1061.0,-4.975733009689766
0,0,0,1062.0,-4.878650485415341
0,0,0,1063.0,-4.830101941734546
0,0,0,1064.0,-4.660199029107209
0,0,0,1065.0,-4.429621359207882
0,0,0,1066.0,-5.060684466014623
0,0,0,1067.0,-5.230592232982658
0,0,0,1068.0,-4.975737864051351
0,0,0,1069.0,-4.854373786392526
0,0,0,1070.0,-5.084961165023527
0,0,0,1071.0,-5.012140776682517
0,0,0,1072.0,-4.684470873770941
0,0,0,1073.0,-4.866509708723648
0,0,0,1074.0,-4.927189320381579
0,0,0,1075.0,-4.817970873769245
0,0,0,1076.0,-4.939325242705798
0,0,0,1077.0,-4.975737864063807
0,0,0,1078.0,-5.631072815507022
0,0,0,1079.0,-5.44903398055235
0,0,0,1080.0,-5.242728155316759
0,0,0,1081.0,-5.194184465998711
0,0,0,1082.0,-5.303407766957624
0,0,0,1083.0,-4.6723398058105445
0,0,0,1084.0,-4.817966019401203
0,0,0,1085.0,-4.854378640762437
0,0,0,1086.0,-4.963597087362908
0,0,0,1087.0,-4.963601941724655
0,0,0,1088.0,-4.8907912621242176
0,0,0,1089.0,-4.648063106790711
0,0,0,1090.0,-4.381067961144139
0,0,0,1091.0,-4.915058252413629
0,0,0,1092.0,-4.757281553388201
0,0,0,1093.0,-5.0970922329912565
0,0,0,1094.0,-5.109233009684579
0,0,0,1095.0,-5.048548543678735
0,0,0,1096.0,-4.927194174730111
0,0,0,1097.0,-4.745150485416067
0,0,0,1098.0,-4.8058349514425425
0,0,0,1099.0,-4.648067961141131
0,0,0,1100.0,-5.024281553381568
0,0,0,1101.0,-5.048553398042121
0,0,0,1102.0,-5.145645631053914
0,0,0,1103.0,-4.8786553397845855
0,0,0,1104.0,-4.623791262124526
0,0,0,1105.0,-4.781558252406364
0,0,0,1106.0,-4.878650485425821
0,0,0,1107.0,-5.036417475703603
0,0,0,1108.0,-4.793703883487211
0,0,0,1109.0,-4.526703883481399
0,0,0,1110.0,-4.563116504836034
0,0,0,1111.0,-4.842242718427152
0,0,0,1112.0,-4.745155339782271
0,0,0,1113.0,-4.684470873769166
0,0,0,1114.0,-4.550975728144625
0,0,0,1115.0,-4.538839805802951
0,0,0,1116.0,-4.781563106785202
0,0,0,1117.0,-4.417480582511836
0,0,0,1118.0,-4.86651456308592
0,0,0,1119.0,-4.987873786392757
0,0,0,1120.0,-5.024276699012882
0,0,0,1121.0,-4.5145728155228415
0,0,0,1122.0,-4.793699029107808
0,0,0,1123.0,-4.635932038827019
0,0,0,1124.0,-4.356796116492401
0,0,0,1125.0,-4.563116504836431
0,0,0,1126.0,-4.283990291249312
0,0,0,1127.0,-4.7208834951323935
0,0,0,1128.0,-4.368936893182396
0,0,0,1129.0,-4.660194174734521
0,0,0,1130.0,-4.660203883474582
0,0,0,1131.0,-4.672339805799135
0,0,0,1132.0,-4.78156310677993
0,0,0,1133.0,-4.478165048518093
0,0,0,1134.0,-4.5509757281276295
0,0,0,1135.0,-4.259713592224817
0,0,0,1136.0,-4.283990291242642
0,0,0,1137.0,-4.1140922329964
0,0,0,1138.0,-4.393218446593716
0,0,0,1139.0,-4.029140776683935
0,0,0,1140.0,-4.429621359210181
0,0,0,1141.0,-4.089815533973339
0,0,0,1142.0,-4.526699029120301
0,0,0,1143.0,-4.344669902902801
0,0,0,1144.0,-4.053398058241399
0,0,0,1145.0,-3.749999999979574
0,0,0,1146.0,-3.9199029126045684
0,0,0,1147.0,-3.7985485436809774
0,0,0,1148.0,-4.308257281537908
0,0,0,1149.0,-4.368941747551312
0,0,0,1150.0,-4.0169902912477555
0,0,0,1151.0,-4.393213592211484
0,0,0,1152.0,-4.004859223292179
0,0,0,1153.0,-4.053398058227641
0,0,0,1154.0,-3.871364077654414
0,0,0,1155.0,-3.458742718445958
0,0,0,1156.0,-3.956315533962615
0,0,0,1157.0,-4.186902912608656
0,0,0,1158.0,-4.065543689306445
0,0,0,1159.0,-4.077684466008728
0,0,0,1160.0,-3.6286553397906114
0,0,0,1161.0,-3.919912621342789
0,0,0,1162.0,-3.9077718446546776
0,0,0,1163.0,-3.810684466008478
0,0,0,1164.0,-3.337388349514717
0,0,0,1165.0,-3.5922378640717696
0,0,0,1166.0,-3.652922330086999
0,0,0,1167.0,-3.932053398036948
0,0,0,1168.0,-3.96845145630726
0,0,0,1169.0,-4.101946601930568
0,0,0,1170.0,-4.247577669886275
0,0,0,1171.0,-3.7257330096969
0,0,0,1172.0,-3.810689320378621
0,0,0,1173.0,-3.859228155337474
0,0,0,1174.0,-3.6165097087292954
0,0,0,1175.0,-3.944179611650357
0,0,0,1176.0,-4.162635922311537
0,0,0,1177.0,-4.138354368922254
0,0,0,1178.0,-4.162621359220854
0,0,0,1179.0,-4.21116504852379
0,0,0,1180.0,-4.42961165047534
0,0,0,1181.0,-3.883495145623514
0,0,0,1182.0,-3.5315533980500686
0,0,0,1183.0,-3.822815533975913
0,0,0,1184.0,-3.652917475721129
0,0,0,1185.0,-3.750004854361102
0,0,0,1186.0,-4.053402912612754
0,0,0,1187.0,-4.077684466000828
0,0,0,1188.0,-3.8470970873730024
0,0,0,1189.0,-3.652922330091487
0,0,0,1190.0,-3.9320485436808092
0,0,0,1191.0,-3.9684514563028443
0,0,0,1192.0,-4.247572815515974
0,0,0,1193.0,-3.7135922329980553
0,0,0,1194.0,-4.004859223296085
0,0,0,1195.0,-3.847097087376682
0,0,0,1196.0,-3.87135922328823
0,0,0,1197.0,-4.06554368931066
0,0,0,1198.0,-4.101951456302948
0,0,0,1199.0,-4.199033980573507
0,0,0,1200.0,-4.1747621359156515
0,0,0,1201.0,-3.9441844660207703
0,0,0,1202.0,-3.737873786403963
0,0,0,1203.0,-3.8835097087297097
0,0,0,1204.0,-3.786412621355891
0,0,0,1205.0,-4.320398058235375
0,0,0,1206.0,-3.956320388344352
0,0,0,1207.0,-4.344669902902388
0,0,0,1208.0,-4.029135922328127
0,0,0,1209.0,-4.223300970867139
0,0,0,1210.0,-4.332524271832898
0,0,0,1211.0,-4.053398058247819
0,0,0,1212.0,-3.78641262135631
0,0,0,1213.0,-4.2961213592135
0,0,0,1214.0,-4.2597184465970015
0,0,0,1215.0,-4.150495145623659
0,0,0,1216.0,-4.0169951456268675
0,0,0,1217.0,-4.332533980570896
0,0,0,1218.0,-4.150490291255327
0,0,0,1219.0,-4.101941747565796
0,0,0,1220.0,-4.101936893201609
0,0,0,1221.0,-4.11407766989389
0,0,0,1222.0,-3.8228252427195804
0,0,0,1223.0,-4.1140825242606915
0,0,0,1224.0,-4.235441747559367
0,0,0,1225.0,-4.514567961155412
0,0,0,1226.0,-4.320398058237365
0,0,0,1227.0,-3.956320388345801
0,0,0,1228.0,-4.029126213586482
0,0,0,1229.0,-4.114072815523808
0,0,0,1230.0,-4.174757281533294
0,0,0,1231.0,-3.992718446602259
0,0,0,1232.0,-3.5679660194156138
0,0,0,1233.0,-4.356800970862252
0,0,0,1234.0,-4.1262233009607145
0,0,0,1235.0,-4.101956310672765
0,0,0,1236.0,-4.1990388349383245
0,0,0,1237.0,-4.0291407766986245
0,0,0,1238.0,-4.174762135913276
0,0,0,1239.0,-3.5800970873672138
0,0,0,1240.0,-3.580097087378506
0,0,0,1241.0,-3.798543689320559
0,0,0,1242.0,-3.5922378640804165
0,0,0,1243.0,-3.5072912621342103
0,0,0,1244.0,-3.7985582524238635
0,0,0,1245.0,-4.065538834938923
0,0,0,1246.0,-3.8956359223280623
0,0,0,1247.0,-3.968451456313609
0,0,0,1248.0,-4.004859223304305
0,0,0,1249.0,-3.847077669900275
0,0,0,1250.0,-3.883495145617228
0,0,0,1251.0,-3.871368932044249
0,0,0,1252.0,-3.798548543680826
0,0,0,1253.0,-3.7378737864009626
0,0,0,1254.0,-3.786417475725122
0,0,0,1255.0,-3.6165145630994258
0,0,0,1256.0,-3.7500097087279514
0,0,0,1257.0,-3.422339805818737
0,0,0,1258.0,-3.592237864076337
0,0,0,1259.0,-3.2645679611620704
0,0,0,1260.0,-3.7985485436828617
0,0,0,1261.0,-3.4101990291201534
0,0,0,1262.0,-3.4102038834911736
0,0,0,1263.0,-3.5558349514499694
0,0,0,1264.0,-3.37378640776154
0,0,0,1265.0,-3.7864174757183835
0,0,0,1266.0,-3.55583495145738
0,0,0,1267.0,-3.5072815533903614
0,0,0,1268.0,-3.6165145631039004
0,0,0,1269.0,-3.43446601940517
0,0,0,1270.0,-3.1553495145613755
0,0,0,1271.0,-3.203893203877677
0,0,0,1272.0,-3.8349563106806177
0,0,0,1273.0,-3.7014660194071425
0,0,0,1274.0,-3.7500097087378363
0,0,0,1275.0,-3.8956456310612824
0,0,0,1276.0,-3.2281601941772435
0,0,0,1277.0,-3.155349514565208
0,0,0,1278.0,-3.4951553398026816
0,0,0,1279.0,-3.543703883496523
0,0,0,1280.0,-3.4344757281538865
0,0,0,1281.0,-3.058262135916107
0,0,0,1282.0,-3.3737912621356028
0,0,0,1283.0,-3.458747572812351
0,0,0,1284.0,-3.4466116504804907
0,0,0,1285.0,-3.483019417477251
0,0,0,1286.0,-2.9490388349548216
0,0,0,1287.0,-2.779131067960955
0,0,0,1288.0,-2.621364077665987
0,0,0,1289.0,-2.900495145629348
0,0,0,1290.0,-2.9975873786311453
0,0,0,1291.0,-3.4587524271797174
0,0,0,1292.0,-3.2645728155312077
0,0,0,1293.0,-3.907776699011591
0,0,0,1294.0,-3.446611650486465
0,0,0,1295.0,-3.2766990291205684
0,0,0,1296.0,-3.276703883495497
0,0,0,1297.0,-2.7427281553326637
0,0,0,1298.0,-3.300980582524637
0,0,0,1299.0,-3.470878640774496
0,0,0,1300.0,-3.1189417475767987
0,0,0,1301.0,-3.1674805825255405
0,0,0,1302.0,-3.5436990291190895
0,0,0,1303.0,-3.3009757281498535
0,0,0,1304.0,-3.3252475728101385
0,0,0,1305.0,-3.009713592231524
0,0,0,1306.0,-2.8398155339837152
0,0,0,1307.0,-2.7669999999981583
0,0,0,1308.0,-2.8398058252392815
0,0,0,1309.0,-3.1310728155287686
0,0,0,1310.0,-3.009718446593091
0,0,0,1311.0,-3.0825291262086885
0,0,0,1312.0,-2.9490436893199914
0,0,0,1313.0,-3.4587475728078076
0,0,0,1314.0,-2.8762281553312974
0,0,0,1315.0,-3.2160291262128635
0,0,0,1316.0,-2.718456310675292
0,0,0,1317.0,-3.1310728155349694
0,0,0,1318.0,-3.0582572815554423
0,0,0,1319.0,-2.9247621359237717
0,0,0,1320.0,-3.3373883495139243
0,0,0,1321.0,-2.912626213592642
0,0,0,1322.0,-3.0097184465938422
0,0,0,1323.0,-2.8034029126207685
0,0,0,1324.0,-3.058257281547797
0,0,0,1325.0,-3.179621359222422
0,0,0,1326.0,-2.5364174757290363
0,0,0,1327.0,-2.9247572815486045
0,0,0,1328.0,-2.961165048537078
0,0,0,1329.0,-3.021844660190342
0,0,0,1330.0,-2.924762135917886
0,0,0,1331.0,-3.167475728145953
0,0,0,1332.0,-3.0339902912499404
0,0,0,1333.0,-2.9611747572820155
0,0,0,1334.0,-2.5000048543688917
0,0,0,1335.0,-2.779135922325406
0,0,0,1336.0,-2.536417475733001
0,0,0,1337.0,-2.6092330097064695
0,0,0,1338.0,-2.4878737864043163
0,0,0,1339.0,-2.694184466021805
0,0,0,1340.0,-2.9126310679657195
0,0,0,1341.0,-2.6456359223235686
0,0,0,1342.0,-2.8155339805822686
0,0,0,1343.0,-3.1432135922262017
0,0,0,1344.0,-2.7912718446578677
0,0,0,1345.0,-2.6577718446652816
0,0,0,1346.0,-2.718451456304167
0,0,0,1347.0,-2.5121407766923474
0,0,0,1348.0,-2.8034029126174937
0,0,0,1349.0,-3.240300970857656
0,0,0,1350.0,-3.0097184465963127
0,0,0,1351.0,-2.9490339805782035
0,0,0,1352.0,-2.973310679609742
0,0,0,1353.0,-2.8519514563124844
0,0,0,1354.0,-2.633504854373207
0,0,0,1355.0,-2.3907864077632532
0,0,0,1356.0,-2.5121456310710775
0,0,0,1357.0,-2.5364174757265796
0,0,0,1358.0,-2.269422330094306
0,0,0,1359.0,-2.803398058245095
0,0,0,1360.0,-2.8519514563054353
0,0,0,1361.0,-2.5606893203900034
0,0,0,1362.0,-2.5970970873763264
0,0,0,1363.0,-2.6577718446586363
0,0,0,1364.0,-2.7791359223275567
0,0,0,1365.0,-2.4878737864092826
0,0,0,1366.0,-2.597087378641474
0,0,0,1367.0,-2.5242766990296635
0,0,0,1368.0,-2.9247572815486187
0,0,0,1369.0,-2.4393203883443055
0,0,0,1370.0,-2.7305922330083967
0,0,0,1371.0,-2.900495145630141
0,0,0,1372.0,-2.52428640776596
0,0,0,1373.0,-2.5728203883419525
0,0,0,1374.0,-2.560689320390128
0,0,0,1375.0,-2.754859223301741
0,0,0,1376.0,-2.6820436893215316
0,0,0,1377.0,-2.876213592228812
0,0,0,1378.0,-2.7305873786389956
0,0,0,1379.0,-2.827674757277993
0,0,0,1380.0,-2.7305873786377424
0,0,0,1381.0,-2.6092281553354835
0,0,0,1382.0,-2.050980582519648
0,0,0,1383.0,-2.0752524271875252
0,0,0,1384.0,-2.12379611650469
0,0,0,1385.0,-2.572820388348562
0,0,0,1386.0,-2.645640776695539
0,0,0,1387.0,-2.4393300970871126
0,0,0,1388.0,-2.7912718446570586
0,0,0,1389.0,-2.5242815533986462
0,0,0,1390.0,-2.609233009711436
0,0,0,1391.0,-2.597101941748383
0,0,0,1392.0,-2.5364223300948945
0,0,0,1393.0,-2.1966116504855107
0,0,0,1394.0,-2.099524271840894
0,0,0,1395.0,-2.184470873787205
0,0,0,1396.0,-2.536412621358245
0,0,0,1397.0,-2.4636019417427675
0,0,0,1398.0,-2.2936990291232533
0,0,0,1399.0,-2.342242718444263
0,0,0,1400.0,-2.196611650485932
0,0,0,1401.0,-2.1966067961162965
0,0,0,1402.0,-2.2451553398071615
0,0,0,1403.0,-2.2087427184467354
0,0,0,1404.0,-2.11165533980759
0,0,0,1405.0,-2.4150485436863582
0,0,0,1406.0,-2.6577718446532304
0,0,0,1407.0,-2.366504854370372
0,0,0,1408.0,-2.6577766990276177
0,0,0,1409.0,-2.7669999999967336
0,0,0,1410.0,-2.3907815534005517
0,0,0,1411.0,-2.160203883494114
0,0,0,1412.0,-2.5242864077692984
0,0,0,1413.0,-2.366519417480011
0,0,0,1414.0,-2.002436893206244
0,0,0,1415.0,-2.34224271844399
0,0,0,1416.0,-2.536412621357276
0,0,0,1417.0,-2.5364174757288818
0,0,0,1418.0,-2.3179708737877407
0,0,0,1419.0,-2.71845631067973
0,0,0,1420.0,-2.512140776702847
0,0,0,1421.0,-2.196606796116243
0,0,0,1422.0,-2.330101941747317
0,0,0,1423.0,-2.4878689320360974
0,0,0,1424.0,-2.560684466009314
0,0,0,1425.0,-2.184466019412875
0,0,0,1426.0,-2.694174757276531
0,0,0,1427.0,-2.7791359223249694
0,0,0,1428.0,-2.6335048543589634
0,0,0,1429.0,-2.5242766990293672
0,0,0,1430.0,-2.2815582524289053
0,0,0,1431.0,-2.0631165048571374
0,0,0,1432.0,-2.4150582524285547
0,0,0,1433.0,-2.063111650488466
0,0,0,1434.0,-2.5121456310661956
0,0,0,1435.0,-2.633509708736833
0,0,0,1436.0,-2.5485582524248938
0,0,0,1437.0,-2.6335048543640647
0,0,0,1438.0,-2.5242815533961203
0,0,0,1439.0,-2.354378640780129
0,0,0,1440.0,-2.997582524271461
0,0,0,1441.0,-2.5364077669858367
0,0,0,1442.0,-2.5849611650453337
0,0,0,1443.0,-2.730582524266477
0,0,0,1444.0,-2.5364126213589664
0,0,0,1445.0,-2.57282524272252
0,0,0,1446.0,-2.8155485436823295
0,0,0,1447.0,-2.354378640780184
0,0,0,1448.0,-2.6699174757296915
0,0,0,1449.0,-2.451466019413963
0,0,0,1450.0,-2.4150485436914386
0,0,0,1451.0,-2.7184514563096793
0,0,0,1452.0,-2.6092330097036354
0,0,0,1453.0,-2.5364126213573632
0,0,0,1454.0,-2.4878737864028873
0,0,0,1455.0,-3.070393203880025
0,0,0,1456.0,-2.7184563106786293
0,0,0,1457.0,-2.5242815533925227
0,0,0,1458.0,-2.8398155339744564
0,0,0,1459.0,-2.8519514563063013
0,0,0,1460.0,-2.281553398056346
0,0,0,1461.0,-2.560684466015239
0,0,0,1462.0,-2.8033932038811673
0,0,0,1463.0,-2.900490291259005
0,0,0,1464.0,-2.8762233009717586
0,0,0,1465.0,-3.276699029121137
0,0,0,1466.0,-2.924766990283998
0,0,0,1467.0,-2.69417475728361
0,0,0,1468.0,-2.645635922325157
0,0,0,1469.0,-2.75485436893013
0,0,0,1470.0,-2.924757281555801
0,0,0,1471.0,-2.6092330097091923
0,0,0,1472.0,-2.80340291262329
0,0,0,1473.0,-2.949043689314049
0,0,0,1474.0,-3.216024271839551
0,0,0,1475.0,-3.2888446601947967
0,0,0,1476.0,-3.14321844659911
0,0,0,1477.0,-3.2767087378629545
0,0,0,1478.0,-2.961169902913388
0,0,0,1479.0,-3.1068058252407997
0,0,0,1480.0,-3.3495194174711647
0,0,0,1481.0,-3.2281601941748006
0,0,0,1482.0,-3.325247572819275
0,0,0,1483.0,-3.701466019409816
0,0,0,1484.0,-3.5315631067884308
0,0,0,1485.0,-3.6407864077448875
0,0,0,1486.0,-3.2403009708612145
0,0,0,1487.0,-3.4466116504800968
0,0,0,1488.0,-3.203883495152091
0,0,0,1489.0,-3.5072864077635817
0,0,0,1490.0,-3.3616553398052273
0,0,0,1491.0,-3.3737912621327113
0,0,0,1492.0,-3.592247572808314
0,0,0,1493.0,-3.228165048536703
0,0,0,1494.0,-3.4951553397995037
0,0,0,1495.0,-3.6529271844647364
0,0,0,1496.0,-3.895635922324853
0,0,0,1497.0,-3.6043689320320076
0,0,0,1498.0,-3.4223398058223804
0,0,0,1499.0,-3.495150485433633
0,0,0,1500.0,-3.4101941747552242
0,0,0,1501.0,-3.2160242718416274
0,0,0,1502.0,-3.276703883494236
0,0,0,1503.0,-3.7985533980573116
0,0,0,1504.0,-3.398072815537313
0,0,0,1505.0,-3.1432087378675937
0,0,0,1506.0,-3.3495242718368354
0,0,0,1507.0,-3.5922427184490897
0,0,0,1508.0,-3.7742718446583376
0,0,0,1509.0,-3.6893252427171426
0,0,0,1510.0,-3.5679660194130074
0,0,0,1511.0,-3.592233009705687
0,0,0,1512.0,-3.3980728155312696
0,0,0,1513.0,-3.37379611650581
0,0,0,1514.0,-3.774281553391575
0,0,0,1515.0,-3.4223398058230123
0,0,0,1516.0,-3.6286407766950295
0,0,0,1517.0,-3.0339854368935235
0,0,0,1518.0,-3.4708786407698904
0,0,0,1519.0,-3.2767038834950704
0,0,0,1520.0,-3.4466019417475926
0,0,0,1521.0,-3.216024271848393
0,0,0,1522.0,-3.4223398058243792
0,0,0,1523.0,-3.8956407766976184
0,0,0,1524.0,-3.665058252423707
0,0,0,1525.0,-3.313111650478711
0,0,0,1526.0,-3.458742718445956
0,0,0,1527.0,-3.2645631067936547
0,0,0,1528.0,-3.0825291262148786
0,0,0,1529.0,-3.3009708737843315
0,0,0,1530.0,-3.3131116504817486
0,0,0,1531.0,-3.3859320388330074
0,0,0,1532.0,-3.5436990291220427
0,0,0,1533.0,-3.5194320388224973
0,0,0,1534.0,-3.167490291255743
0,0,0,1535.0,-3.4466165048467836
0,0,0,1536.0,-2.912626213592313
0,0,0,1537.0,-3.0097135922358413
0,0,0,1538.0,-3.1310679611676657
0,0,0,1539.0,-2.9490339805849017
0,0,0,1540.0,-3.3495194174750935
0,0,0,1541.0,-3.5436990291217287
0,0,0,1542.0,-3.4587524271805474
0,0,0,1543.0,-3.300985436887147
0,0,0,1544.0,-3.0339902912645615
0,0,0,1545.0,-3.106800970878421
0,0,0,1546.0,-3.009708737866565
0,0,0,1547.0,-2.961169902910621
0,0,0,1548.0,-2.7184514563085167
0,0,0,1549.0,-2.3907815534003367
0,0,0,1550.0,-3.3373883495131835
0,0,0,1551.0,-3.1068058252405835
0,0,0,1552.0,-3.2767038834925915
0,0,0,1553.0,-3.531567961168776
0,0,0,1554.0,-3.4466116504781477
0,0,0,1555.0,-3.1553495145597124
0,0,0,1556.0,-2.827679611647743
0,0,0,1557.0,-2.997582524271962
0,0,0,1558.0,-3.2645631067937617
0,0,0,1559.0,-2.7063106796109864
0,0,0,1560.0,-3.033990291259873
0,0,0,1561.0,-2.8640776699056887
0,0,0,1562.0,-2.754864077670119
0,0,0,1563.0,-3.179621359223327
0,0,0,1564.0,-3.4101941747597997
0,0,0,1565.0,-2.973310679608644
0,0,0,1566.0,-2.9975776699053402
0,0,0,1567.0,-2.645635922331172
0,0,0,1568.0,-2.8640825242799663
0,0,0,1569.0,-3.094669902915636
0,0,0,1570.0,-2.9368980582585875
0,0,0,1571.0,-2.8034077669928794
0,0,0,1572.0,-3.179626213596769
0,0,0,1573.0,-3.1917524271803717
0,0,0,1574.0,-2.864087378642762
0,0,0,1575.0,-2.924757281549194
0,0,0,1576.0,-2.7669999999925565
0,0,0,1577.0,-2.58495631067866
0,0,0,1578.0,-2.4150533980557984
0,0,0,1579.0,-2.71845145630805
0,0,0,1580.0,-2.766995145626136
0,0,0,1581.0,-2.912626213597153
0,0,0,1582.0,-3.1068009708744624
0,0,0,1583.0,-2.9004854368927866
0,0,0,1584.0,-2.5364174757358637
0,0,0,1585.0,-2.50000970873263
0,0,0,1586.0,-2.1844708737921072
0,0,0,1587.0,-2.669912621364865
0,0,0,1588.0,-3.0946699029056512
0,0,0,1589.0,-3.0582572815588898
0,0,0,1590.0,-3.14320873785227
0,0,0,1591.0,-2.5849563106830935
0,0,0,1592.0,-2.4150485436886377
0,0,0,1593.0,-2.366509708739803
0,0,0,1594.0,-2.791271844662576
0,0,0,1595.0,-2.8155388349509196
0,0,0,1596.0,-2.8155436893187953
0,0,0,1597.0,-2.5971019417498264
0,0,0,1598.0,-2.500014563106091
0,0,0,1599.0,-2.779140776694996
0,0,0,1600.0,-2.512145631065371
0,0,0,1601.0,-2.69418446601795
0,0,0,1602.0,-2.3058398058254586
0,0,0,1603.0,-2.5849611650495166
0,0,0,1604.0,-2.5970970873748347
0,0,0,1605.0,-2.3786456310649866
0,0,0,1606.0,-2.9004902912634676
0,0,0,1607.0,-2.706315533972265
0,0,0,1608.0,-2.730587378632528
0,0,0,1609.0,-2.621373786407562
0,0,0,1610.0,-2.4514563106768295
0,0,0,1611.0,-2.087388349514369
0,0,0,1612.0,-2.4150485436911007
0,0,0,1613.0,-2.487868932042085
0,0,0,1614.0,-1.9538883495129338
0,0,0,1615.0,-2.4393203883464736
0,0,0,1616.0,-1.9538883495153105
0,0,0,1617.0,-2.4878689320393854
0,0,0,1618.0,-2.366509708735823
0,0,0,1619.0,-2.3422378640748134
0,0,0,1620.0,-2.3422427184488215
0,0,0,1621.0,-2.7063155339781786
0,0,0,1622.0,-2.7427330097071905
0,0,0,1623.0,-2.5121456310701045
0,0,0,1624.0,-2.5000048543683646
0,0,0,1625.0,-2.3665048543747758
0,0,0,1626.0,-2.305830097085004
0,0,0,1627.0,-2.172334951455283
0,0,0,1628.0,-2.4150582524242776
0,0,0,1629.0,-2.184475728153246
0,0,0,1630.0,-2.4271941747562846
0,0,0,1631.0,-2.0509757281542473
0,0,0,1632.0,-2.439330097088051
0,0,0,1633.0,-2.57282524272266
0,0,0,1634.0,-2.7670048543638877
0,0,0,1635.0,-2.2572864077647745
0,0,0,1636.0,-2.2087475728140333
0,0,0,1637.0,-2.5606893203900287
0,0,0,1638.0,-2.669902912619306
0,0,0,1639.0,-2.5000097087350195
0,0,0,1640.0,-2.475737864075707
0,0,0,1641.0,-2.427194174759927
0,0,0,1642.0,-2.1966067961178775
0,0,0,1643.0,-2.1601990291272446
0,0,0,1644.0,-2.002432038838055
0,0,0,1645.0,-2.512131067959089
0,0,0,1646.0,-2.500009708742541
0,0,0,1647.0,-2.184475728158752
0,0,0,1648.0,-2.3179611650456247
0,0,0,1649.0,-2.23301941747274
0,0,0,1650.0,-2.1966067961242146
0,0,0,1651.0,-1.9053446601966915
0,0,0,1652.0,-2.196611650484419
0,0,0,1653.0,-2.2815582524289892
0,0,0,1654.0,-2.1480679611654248
0,0,0,1655.0,-1.929616504854441
0,0,0,1656.0,-2.500009708736781
0,0,0,1657.0,-2.2087475728141803
0,0,0,1658.0,-2.378650485435281
0,0,0,1659.0,-2.4757378640758705
0,0,0,1660.0,-2.184475728158191
0,0,0,1661.0,-1.9296213592209088
0,0,0,1662.0,-2.3786504854378094
0,0,0,1663.0,-2.075242718445965
0,0,0,1664.0,-2.220878640773677
0,0,0,1665.0,-2.439320388348287
0,0,0,1666.0,-2.560684466019654
0,0,0,1667.0,-2.560684466020913
0,0,0,1668.0,-2.269432038840057
0,0,0,1669.0,-2.3907864077689314
0,0,0,1670.0,-2.1480679611706583
0,0,0,1671.0,-2.026708737870613
0,0,0,1672.0,-1.8810728155355567
0,0,0,1673.0,-2.512140776704678
0,0,0,1674.0,-2.317966019416075
0,0,0,1675.0,-2.5242766990299716
0,0,0,1676.0,-2.0388398058292996
0,0,0,1677.0,-2.5121504854387924
0,0,0,1678.0,-1.9660291262143845
0,0,0,1679.0,-2.366519417475955
0,0,0,1680.0,-2.4029126213578462
0,0,0,1681.0,-2.245150485436709
0,0,0,1682.0,-1.978155339806149
0,0,0,1683.0,-2.233014563105557
0,0,0,1684.0,-2.366509708739059
0,0,0,1685.0,-2.6335000000011526
0,0,0,1686.0,-2.706320388344114
0,0,0,1687.0,-2.742728155341496
0,0,0,1688.0,-2.839815533976196
0,0,0,1689.0,-2.305834951460237
0,0,0,1690.0,-2.269427184465781
0,0,0,1691.0,-2.0024368932042345
0,0,0,1692.0,-2.0267038834988984
0,0,0,1693.0,-2.5728252427193072
0,0,0,1694.0,-2.754859223292489
0,0,0,1695.0,-3.1189417475673076
0,0,0,1696.0,-2.961174757280032
0,0,0,1697.0,-2.572830097089183
0,0,0,1698.0,-2.6092330097113283
0,0,0,1699.0,-2.475733009705709
0,0,0,1700.0,-2.8398106796116935
0,0,0,1701.0,-2.2936893203904325
0,0,0,1702.0,-2.8155436893188903
0,0,0,1703.0,-2.4635970873834445
0,0,0,1704.0,-2.718451456310059
0,0,0,1705.0,-3.0946601941648195
0,0,0,1706.0,-3.0825291262060044
0,0,0,1707.0,-3.0461262135855334
0,0,0,1708.0,-2.7670048543731576
0,0,0,1709.0,-2.536417475727183
0,0,0,1710.0,-2.633509708740935
0,0,0,1711.0,-2.5242766990303216
0,0,0,1712.0,-2.9611747572754283
0,0,0,1713.0,-2.985436893188241
0,0,0,1714.0,-3.167475728147685
0,0,0,1715.0,-2.7184514563123905
0,0,0,1716.0,-3.1553495145642816
0,0,0,1717.0,-3.046121359219032
0,0,0,1718.0,-2.4271893203884947
0,0,0,1719.0,-2.754864077676839
0,0,0,1720.0,-3.14320873785794
0,0,0,1721.0,-3.3980631067913913
0,0,0,1722.0,-2.803398058254319
0,0,0,1723.0,-3.240300970869614
0,0,0,1724.0,-3.1796213592194493
0,0,0,1725.0,-3.3495242718337357
0,0,0,1726.0,-3.3616601941759834
0,0,0,1727.0,-3.3859271844659844
0,0,0,1728.0,-3.41019417475918
0,0,0,1729.0,-3.1553495145645165
0,0,0,1730.0,-3.483019417474195
0,0,0,1731.0,-3.1553495145623818
0,0,0,1732.0,-3.3373883495051473
0,0,0,1733.0,-3.385932038827529
0,0,0,1734.0,-3.143213592236146
0,0,0,1735.0,-3.49516019417814
0,0,0,1736.0,-3.70146601941532
0,0,0,1737.0,-3.6771941747571235
0,0,0,1738.0,-3.3252475728122537
0,0,0,1739.0,-3.325252427178621
0,0,0,1740.0,-3.5436941747456627
0,0,0,1741.0,-3.410199029115806
0,0,0,1742.0,-3.131072815532095
0,0,0,1743.0,-3.6043737864043117
0,0,0,1744.0,-3.713587378642132
0,0,0,1745.0,-3.895640776703328
0,0,0,1746.0,-3.6043786407765284
0,0,0,1747.0,-3.9320436893171116
0,0,0,1748.0,-3.677194174755197
0,0,0,1749.0,-3.531563106795245
0,0,0,1750.0,-3.2160242718427883
0,0,0,1751.0,-3.3980631067986504
0,0,0,1752.0,-3.737868932030948
0,0,0,1753.0,-3.48301456310237
0,0,0,1754.0,-3.3737961164989505
0,0,0,1755.0,-3.9805922330036236
0,0,0,1756.0,-3.5315631067935414
0,0,0,1757.0,-3.27670388349783
0,0,0,1758.0,-3.847092233005879
0,0,0,1759.0,-3.4223300970838983
0,0,0,1760.0,-3.61651456309751
0,0,0,1761.0,-3.3009805825266834
0,0,0,1762.0,-3.9320485436873835
0,0,0,1763.0,-3.919912621359549
0,0,0,1764.0,-3.5801019417529116
0,0,0,1765.0,-3.3495242718474953
0,0,0,1766.0,-3.361655339804172
0,0,0,1767.0,-3.5558300970858845
0,0,0,1768.0,-3.191757281558214
0,0,0,1769.0,-3.3737912621341475
0,0,0,1770.0,-3.665053398051834
0,0,0,1771.0,-3.834956310674732
0,0,0,1772.0,-3.810689320386119
0,0,0,1773.0,-3.859233009713334
0,0,0,1774.0,-3.6893300970841367
0,0,0,1775.0,-3.2160242718426066
0,0,0,1776.0,-3.3616553398087405
0,0,0,1777.0,-3.4101990291272317
0,0,0,1778.0,-3.871364077669708
0,0,0,1779.0,-3.604368932033306
0,0,0,1780.0,-3.7864174757252593
0,0,0,1781.0,-3.6165145631074638
0,0,0,1782.0,-3.81068932038635
0,0,0,1783.0,-3.5801067961094395
0,0,0,1784.0,-3.531563106798226
0,0,0,1785.0,-3.27669902912025
0,0,0,1786.0,-3.6650533980532396
0,0,0,1787.0,-3.4951456310626168
0,0,0,1788.0,-3.167480582523095
0,0,0,1789.0,-3.070393203875806
0,0,0,1790.0,-3.155349514557242
0,0,0,1791.0,-3.385927184465001
0,0,0,1792.0,-3.373796116503805
0,0,0,1793.0,-3.4344757281525737
0,0,0,1794.0,-3.361660194172462
0,0,0,1795.0,-3.3373883495149697
0,0,0,1796.0,-3.2888349514515522
0,0,0,1797.0,-3.3373786407726787
0,0,0,1798.0,-3.264563106787901
0,0,0,1799.0,-3.6650582524195903
0,0,0,1800.0,-3.3131165048564366
0,0,0,1801.0,-3.228169902909817
0,0,0,1802.0,-2.949038834962984
0,0,0,1803.0,-2.924766990290246
0,0,0,1804.0,-3.131077669903327
0,0,0,1805.0,-3.252427184459732
0,0,0,1806.0,-2.8276699029180663
0,0,0,1807.0,-2.512135922331699
0,0,0,1808.0,-3.046121359217964
0,0,0,1809.0,-3.1432184466087603
0,0,0,1810.0,-3.495150485431207
0,0,0,1811.0,-3.046126213591477
0,0,0,1812.0,-3.0339902912601375
0,0,0,1813.0,-3.313116504856944
0,0,0,1814.0,-2.669912621354675
0,0,0,1815.0,-2.9126310679634755
0,0,0,1816.0,-2.5970922330128148
0,0,0,1817.0,-2.560684466019414
0,0,0,1818.0,-3.058252427183
0,0,0,1819.0,-2.9975825242676817
0,0,0,1820.0,-3.337388349507717
0,0,0,1821.0,-3.3252524271861423
0,0,0,1822.0,-3.1917572815574675
0,0,0,1823.0,-3.14321359222728
0,0,0,1824.0,-2.6941796116522627
0,0,0,1825.0,-3.009713592232584
0,0,0,1826.0,-2.8883543689294555
0,0,0,1827.0,-2.7912669902848823
0,0,0,1828.0,-2.6213689320336995
0,0,0,1829.0,-3.2281650485406166
0,0,0,1830.0,-2.9369077669864114
0,0,0,1831.0,-2.924766990291582
0,0,0,1832.0,-2.7548640776721527
0,0,0,1833.0,-2.597101941741973
0,0,0,1834.0,-2.7427281553376353
0,0,0,1835.0,-2.961165048550517
0,0,0,1836.0,-2.6820388349527766
0,0,0,1837.0,-2.5364174757309454
0,0,0,1838.0,-2.985446601947483
0,0,0,1839.0,-2.7063203883507576
0,0,0,1840.0,-2.7670000000004453
0,0,0,1841.0,-2.730592233013274
0,0,0,1842.0,-2.657776699034179
0,0,0,1843.0,-2.730577669903957
0,0,0,1844.0,-2.53640776699068
0,0,0,1845.0,-2.378645631068552
0,0,0,1846.0,-2.9975728155238697
0,0,0,1847.0,-2.6941796116484786
0,0,0,1848.0,-2.305834951460816
0,0,0,1849.0,-2.548553398055455
0,0,0,1850.0,-2.257296116510155
0,0,0,1851.0,-2.6577766990279765
0,0,0,1852.0,-2.6820485436861174
0,0,0,1853.0,-2.208742718447388
0,0,0,1854.0,-2.5121359223322024
0,0,0,1855.0,-2.2087330097098485
0,0,0,1856.0,-2.6335048543628066
0,0,0,1857.0,-2.330106796118709
0,0,0,1858.0,-2.3786504854386354
0,0,0,1859.0,-2.621368932036783
0,0,0,1860.0,-1.9903106796109
0,0,0,1861.0,-2.7791310679597334
0,0,0,1862.0,-2.669912621357326
0,0,0,1863.0,-2.4635922330083666
0,0,0,1864.0,-2.099514563112173
0,0,0,1865.0,-2.42718932039849
0,0,0,1866.0,-2.6092281553404923
0,0,0,1867.0,-2.3665194174751125
0,0,0,1868.0,-2.378650485440243
0,0,0,1869.0,-2.3058349514609704
0,0,0,1870.0,-2.305834951458472
0,0,0,1871.0,-2.51214077669747
0,0,0,1872.0,-2.6820436893141215
0,0,0,1873.0,-2.026708737864133
0,0,0,1874.0,-2.099509708738616
0,0,0,1875.0,-2.0995242718464695
0,0,0,1876.0,-2.0145679611650253
0,0,0,1877.0,-2.1602038834999613
0,0,0,1878.0,-2.5000097087393964
0,0,0,1879.0,-2.184480582524457
0,0,0,1880.0,-1.9296165048530216
0,0,0,1881.0,-1.917480582526083
0,0,0,1882.0,-2.0631116504877074
0,0,0,1883.0,-2.05097572815711
0,0,0,1884.0,-2.07524757281923
0,0,0,1885.0,-1.9538883495194326
0,0,0,1886.0,-2.0995194174760736
0,0,0,1887.0,-2.5242815534007415
0,0,0,1888.0,-1.8689466019429617
0,0,0,1889.0,-1.6747669902907658
0,0,0,1890.0,-2.0024320388384145
0,0,0,1891.0,-2.305839805826335
0,0,0,1892.0,-2.2815582524254325
0,0,0,1893.0,-2.12379611651141
0,0,0,1894.0,-1.9417572815580861
0,0,0,1895.0,-2.148067961167113
0,0,0,1896.0,-1.9053495145645085
0,0,0,1897.0,-2.063111650485555
0,0,0,1898.0,-2.148067961169916
0,0,0,1899.0,-2.2208834951491134
0,0,0,1900.0,-2.0509805825225684
0,0,0,1901.0,-1.7354466019476709
0,0,0,1902.0,-1.5169951456295396
0,0,0,1903.0,-1.9296165048556682
0,0,0,1904.0,-1.7597135922342588
0,0,0,1905.0,-2.0752475728215596
0,0,0,1906.0,-1.9902961165050965
0,0,0,1907.0,-2.002436893206955
0,0,0,1908.0000000000002,-1.6626310679582705
0,0,0,1908.9999999999998,-2.026699029125798
0,0,0,1910.0,-2.1359320388327356
0,0,0,1911.0,-1.6990339805796921
0,0,0,1912.0,-1.9417475728155713
0,0,0,1913.0000000000002,-1.8446601941761056
0,0,0,1913.9999999999998,-2.24515048543155
0,0,0,1914.9999999999998,-1.8446699029148956
0,0,0,1916.0,-1.7839854368898922
0,0,0,1917.0,-1.8810776698998006
0,0,0,1918.0,-2.0267087378678554
0,0,0,1919.0000000000002,-2.0995291262146765
0,0,0,1919.9999999999998,-1.966029126216679
0,0,0,1921.0,-1.6990339805879295
0,0,0,1922.0,-1.7597184466085802
0,0,0,1923.0,-2.0024271844689117
0,0,0,1924.0000000000002,-1.5534029126221527
0,0,0,1925.0000000000002,-1.565538834953155
0,0,0,1925.9999999999998,-1.7718495145649933
0,0,0,1927.0,-2.0145679611642553
0,0,0,1928.0,-1.7961213592284115
0,0,0,1929.0,-2.160208737860441
0,0,0,1930.0000000000002,-2.1480679611650086
0,0,0,1930.9999999999998,-2.1359271844644496
0,0,0,1931.9999999999998,-1.614087378641376
0,0,0,1933.0,-1.9781650485479556
0,0,0,1934.0,-2.354378640775901
0,0,0,1935.0,-2.0145631067953556
0,0,0,1936.0000000000002,-2.050980582525447
0,0,0,1936.9999999999998,-2.4029174757328593
0,0,0,1938.0,-2.1237864077660666
0,0,0,1939.0,-2.2208786407780843
0,0,0,1940.0,-1.8568009708757096
0,0,0,1941.0000000000002,-1.8325291262159455
0,0,0,1942.0000000000002,-1.8568009708762812
0,0,0,1942.9999999999998,-1.9903009708710793
0,0,0,1944.0,-1.4684563106771256
0,0,0,1945.0,-2.026708737864281
0,0,0,1946.0,-1.8082621359259654
0,0,0,1947.0000000000002,-2.123796116505406
0,0,0,1947.9999999999998,-2.0267087378682556
0,0,0,1949.0,-1.9781650485462372
0,0,0,1950.0,-1.8932087378643532
0,0,0,1951.0,-1.9296213592231946
0,0,0,1952.0000000000002,-1.4077815533990816
0,0,0,1953.0000000000002,-1.9660291262124245
0,0,0,1953.9999999999998,-2.0752475728080486
0,0,0,1955.0,-1.7354466019420538
0,0,0,1956.0,-1.9174854368937007
0,0,0,1957.0,-1.9053495145632746
0,0,0,1958.0000000000002,-1.9417572815557682
0,0,0,1958.9999999999998,-2.05098058252491
0,0,0,1959.9999999999998,-1.723305825244238
0,0,0,1961.0,-1.9417572815539623
0,0,0,1962.0,-2.0267038834958875
0,0,0,1963.0,-2.123796116504986
0,0,0,1964.0000000000002,-2.3786456310639377
0,0,0,1964.9999999999998,-2.2087475728172845
0,0,0,1966.0,-2.5728252427174274
0,0,0,1967.0,-2.0509805825246614
0,0,0,1968.0,-2.2330194174724065
0,0,0,1969.0000000000002,-2.378645631066608
0,0,0,1970.0000000000002,-2.184475728156472
0,0,0,1970.9999999999998,-2.1116601941700117
0,0,0,1972.0,-2.1480631067966875
0,0,0,1973.0,-2.1480582524322185
0,0,0,1974.0,-2.148067961163485
0,0,0,1975.0000000000002,-2.3179708737855966
0,0,0,1975.9999999999998,-2.427189320384351
0,0,0,1976.9999999999998,-2.2572864077679893
0,0,0,1978.0,-2.1359271844695296
0,0,0,1979.0,-2.0995145631046714
0,0,0,1980.0,-1.8446650485475948
0,0,0,1981.0000000000002,-1.905349514562437
0,0,0,1981.9999999999998,-1.8932135922372604
0,0,0,1983.0,-2.1966116504867235
0,0,0,1984.0,-2.8034029126148545
0,0,0,1985.0,-2.4514611650514913
0,0,0,1986.0000000000002,-2.475733009707513
0,0,0,1987.0000000000002,-2.5000048543679094
0,0,0,1987.9999999999998,-2.560679611647816
0,0,0,1989.0,-1.9902961164983375
0,0,0,1990.0,-1.9296116504857297
0,0,0,1991.0,-2.524281553400219
0,0,0,1992.0000000000002,-2.451466019415655
0,0,0,1992.9999999999998,-2.827684466018118
0,0,0,1993.9999999999998,-2.633509708738026
0,0,0,1995.0,-2.3665097087410083
0,0,0,1996.0,-2.63350485436984
0,0,0,1997.0,-2.5849611650515634
0,0,0,1998.0000000000002,-2.415058252425615
0,0,0,1998.9999999999998,-2.451466019425427
0,0,0,2000.0,-2.196611650488508
0,0,0,2001.0,-2.3786504854349393
0,0,0,2002.0,-2.694189320385896
0,0,0,2003.0000000000002,-2.9004951456287547
0,0,0,2004.0000000000002,-2.8883543689304427
0,0,0,2004.9999999999998,-2.779131067955267
0,0,0,2006.0,-2.5485533980596955
0,0,0,2007.0,-2.317970873785109
0,0,0,2008.0,-2.245150485436496
0,0,0,2009.0000000000002,-2.245155339805143
0,0,0,2009.9999999999998,-2.3058203883461434
0,0,0,2011.0,-2.597092233008929
0,0,0,2012.0,-2.208737864081379
0,0,0,2013.0,-2.9004902912551462
0,0,0,2014.0000000000002,-2.305830097085987
0,0,0,2015.0000000000002,-2.5364174757306417
0,0,0,2015.9999999999998,-2.354373786410207
0,0,0,2017.0,-2.3907815534037904
0,0,0,2018.0,-2.536417475733252
0,0,0,2019.0,-2.01457281553273
0,0,0,2020.0000000000002,-2.330106796118835
0,0,0,2020.9999999999998,-2.2815679611669957
0,0,0,2021.9999999999998,-2.0631165048551785
0,0,0,2023.0,-2.378650485433448
0,0,0,2024.0,-2.4635970873769018
0,0,0,2025.0,-2.4757330097016386
0,0,0,2026.0000000000002,-2.3665145631033706
0,0,0,2026.9999999999998,-2.0145728155399194
0,0,0,2028.0,-2.1480631067955773
0,0,0,2029.0,-2.3665145631100977
0,0,0,2030.0,-2.5121456310690307
0,0,0,2031.0000000000002,-2.463601941745592
0,0,0,2032.0000000000002,-2.6941844660176506
0,0,0,2032.9999999999998,-2.694179611653749
0,0,0,2034.0,-2.293694174758372
0,0,0,2035.0,-2.22088349514852
0,0,0,2036.0,-2.2330194174764366
0,0,0,2037.0000000000002,-2.439330097081691
0,0,0,2037.9999999999998,-2.1601941747554316
0,0,0,2038.9999999999998,-2.160199029124586
0,0,0,2040.0,-2.5364126213565856
0,0,0,2041.0,-2.6577718446634893
0,0,0,2042.0,-2.6577766990264013
0,0,0,2043.0000000000002,-2.51214563105983
0,0,0,2043.9999999999998,-2.038839805827003
0,0,0,2045.0,-2.196606796118808
0,0,0,2046.0,-1.9903009708721469
0,0,0,2047.0,-1.3956359223323178
0,0,0,2048.0,-1.8810776698988232
0,0,0,2049.0,-2.3543786407742737
0,0,0,2050.0,-2.2208834951465524
0,0,0,2051.0,-2.1844708737842677
0,0,0,2052.0,-2.2451553398016
0,0,0,2053.0,-2.2694368932024127
0,0,0,2054.0,-1.893218446600197
0,0,0,2055.0,-1.9174854368994299
0,0,0,2056.0,-1.9174757281609314
0,0,0,2057.0,-1.8810728155360035
0,0,0,2058.0,-1.9538834951476292
0,0,0,2059.0,-2.0752427184528006
0,0,0,2060.0,-2.1966165048552035
0,0,0,2061.0,-1.9417524271832758
0,0,0,2062.0,-1.8446699029086446
0,0,0,2063.0,-1.9902961165063995
0,0,0,2064.0,-1.9174757281586086
0,0,0,2065.0,-1.9417524271899036
0,0,0,2066.0,-1.614077669907886
0,0,0,2067.0,-2.0631116504927167
0,0,0,2068.0,-1.820393203885851
0,0,0,2069.0,-2.0509757281565313
0,0,0,2070.0,-2.1359320388344787
0,0,0,2071.0,-1.8203980582489632
0,0,0,2072.0,-1.7597135922344225
0,0,0,2073.0,-1.7961213592214322
0,0,0,2074.0,-1.6869029126189992
0,0,0,2075.0,-1.6504902912637462
0,0,0,2076.0,-1.7111699029188685
0,0,0,2077.0,-1.699038834951335
0,0,0,2078.0,-1.8203932038866397
0,0,0,2079.0,-2.0509854368933262
0,0,0,2080.0,-1.796126213595245
0,0,0,2081.0,-1.966029126211158
0,0,0,2082.0,-1.8568058252407316
0,0,0,2083.0,-1.7718495145611541
0,0,0,2084.0,-1.6747669902932079
0,0,0,2085.0,-1.8203980582540567
0,0,0,2086.0,-1.8446650485441924
0,0,0,2087.0,-1.6868980582538884
0,0,0,2088.0,-1.844665048540437
0,0,0,2089.0,-2.148063106798366
0,0,0,2090.0,-2.1723398058223324
0,0,0,2091.0,-1.8325388349510108
0,0,0,2092.0,-1.6262233009761222
0,0,0,2093.0,-1.3349514563099625
0,0,0,2094.0,-1.6868932038858786
0,0,0,2095.0,-1.8203932038829531
0,0,0,2096.0,-1.9781650485438171
0,0,0,2097.0,-1.9902961165055277
0,0,0,2098.0,-2.584961165040738
0,0,0,2099.0,-2.0267087378667368
0,0,0,2100.0,-2.0388446601958035
0,0,0,2101.0,-2.2087427184489767
0,0,0,2102.0,-1.7475873786399971
0,0,0,2103.0,-1.82039805825401
0,0,0,2104.0,-1.5412766990312823
0,0,0,2105.0,-1.8689368932029005
0,0,0,2106.0,-2.1723349514501
0,0,0,2107.0,-2.123796116503294
0,0,0,2108.0,-1.9538932038813737
0,0,0,2109.0,-2.0267038834956477
0,0,0,2110.0,-1.8932135922366786
0,0,0,2111.0,-1.614082524274674
0,0,0,2112.0,-1.9174854368974033
0,0,0,2113.0,-1.6383592232990967
0,0,0,2114.0,-1.5776747572841439
0,0,0,2115.0,-1.9902912621400917
0,0,0,2116.0,-2.2572864077654002
0,0,0,2117.0,-2.390781553399883
0,0,0,2118.0,-2.038834951451818
0,0,0,2119.0,-1.8932087378611488
0,0,0,2120.0,-1.759713592235223
0,0,0,2121.0,-1.6262233009726517
0,0,0,2122.0,-1.468461165049573
0,0,0,2123.0,-1.7111796116573597
0,0,0,2124.0,-1.8689368932029011
0,0,0,2125.0,-1.8568058252422566
0,0,0,2126.0,-1.6868980582597135
0,0,0,2127.0,-1.84466990291241
0,0,0,2128.0,-1.9903058252384662
0,0,0,2129.0,-1.8082621359211268
0,0,0,2130.0,-1.6140873786402834
0,0,0,2131.0,-1.4563252427196092
0,0,0,2132.0,-2.0509757281583108
0,0,0,2133.0,-1.9053398058282176
0,0,0,2134.0,-1.686902912623776
0,0,0,2135.0,-1.8568009708736721
0,0,0,2136.0,-1.7839854368950538
0,0,0,2137.0,-2.002432038839335
0,0,0,2138.0,-1.8082524271828706
0,0,0,2139.0,-1.9174805825230143
0,0,0,2140.0,-1.4927233009738317
0,0,0,2141.0,-1.6262233009736269
0,0,0,2142.0,-1.6747669902917435
0,0,0,2143.0,-1.5533980582542115
0,0,0,2144.0,-1.6019514563120758
0,0,0,2145.0,-1.6869029126253985
0,0,0,2146.0,-1.6504854368907276
0,0,0,2147.0,-1.7839854368956036
0,0,0,2148.0,-1.7354466019504036
0,0,0,2149.0,-1.577679611653064
0,0,0,2150.0,-1.4320485436911672
0,0,0,2151.0,-1.881077669908675
0,0,0,2152.0,-2.014572815535172
0,0,0,2153.0,-1.6747621359263112
0,0,0,2154.0,-1.5170000000019683
0,0,0,2155.0,-2.0024320388335686
0,0,0,2156.0,-1.5898106796148594
0,0,0,2157.0,-1.6504951456292927
0,0,0,2158.0,-1.6262184466054717
0,0,0,2159.0,-1.6869029126233859
0,0,0,2160.0,-1.5655388349549189
0,0,0,2161.0,-1.4684563106748718
0,0,0,2162.0,-1.7839805825239499
0,0,0,2163.0,-1.626213592238472
0,0,0,2164.0,-1.5412718446633324
0,0,0,2165.0,-1.7597135922358556
0,0,0,2166.0,-1.6019514563132102
0,0,0,2167.0,-1.7233155339765607
0,0,0,2168.0,-1.6626310679585583
0,0,0,2169.0,-1.237873786413622
0,0,0,2170.0,-1.7475825242698704
0,0,0,2171.0,-1.7597135922359441
0,0,0,2172.0,-1.4927330097106035
0,0,0,2173.0,-1.6626310679627587
0,0,0,2174.0,-1.4077718446580676
0,0,0,2175.0,-1.6868932038864846
0,0,0,2176.0,-1.8568009708770226
0,0,0,2177.0,-1.3228252427228735
0,0,0,2178.0,-1.4927233009726366
0,0,0,2179.0,-1.4805873786406665
0,0,0,2180.0,-1.6504902912675208
0,0,0,2181.0,-1.4199126213578608
0,0,0,2182.0,-1.6626310679585992
0,0,0,2183.0,-1.5898155339817186
0,0,0,2184.0,-1.7839854368917576
0,0,0,2185.0,-1.456315533982945
0,0,0,2186.0,-1.5655436893187777
0,0,0,2187.0,-1.4441747572845716
0,0,0,2188.0,-1.3956407767047116
0,0,0,2189.0,-1.4684563106810484
0,0,0,2190.0,-1.7111747572821527
0,0,0,2191.0,-1.929626213586641
0,0,0,2192.0,-1.8325339805830423
0,0,0,2193.0,-1.517000000003261
0,0,0,2194.0,-1.7475776699010832
0,0,0,2195.0,-1.3713640776706646
0,0,0,2196.0,-1.4684563106813813
0,0,0,2197.0,-1.9174854368911567
0,0,0,2198.0,-1.189325242718481
0,0,0,2199.0,-1.3470970873817862
0,0,0,2200.0,-1.6262184466056315
0,0,0,2201.0,-1.8446650485446887
0,0,0,2202.0,-1.6626262135930574
0,0,0,2203.0,-1.5533980582519602
0,0,0,2204.0,-2.014567961164815
0,0,0,2205.0,-1.6747669902928375
0,0,0,2206.0,-1.8689368932074897
0,0,0,2207.0,-1.6990388349544765
0,0,0,2208.0,-1.407771844662625
0,0,0,2209.0,-1.7233106796114603
0,0,0,2210.0,-1.4320533980614722
0,0,0,2211.0,-1.662631067965285
0,0,0,2212.0,-1.8689417475717038
0,0,0,2213.0,-1.8082621359189521
0,0,0,2214.0,-1.6383543689285762
0,0,0,2215.0,-1.6262184466038965
0,0,0,2216.0,-1.6504902912610218
0,0,0,2217.0,-1.177194174760501
0,0,0,2218.0,-1.4077718446659178
0,0,0,2219.0,-1.1650582524287676
0,0,0,2220.0,-1.5533980582541476
0,0,0,2221.0,-1.6019466019452682
0,0,0,2222.0,-1.8932087378620914
0,0,0,2223.0,-1.5898203883495157
0,0,0,2224.0,-1.444189320389241
0,0,0,2225.0,-1.6383592233039486
0,0,0,2226.0,-1.650495145630807
0,0,0,2227.0,-1.274281553397051
0,0,0,2228.0,-1.1771941747554802
0,0,0,2229.0,-1.2378640776703762
0,0,0,2230.0,-1.407771844662932
0,0,0,2231.0,-1.6504902912642032
0,0,0,2232.0,-1.5655339805823136
0,0,0,2233.0,-1.286412621361682
0,0,0,2234.0,-1.395635922331757
0,0,0,2235.0,-1.759718446599097
0,0,0,2236.0,-1.262145631065271
0,0,0,2237.0,-1.21360679611557
0,0,0,2238.0,-1.2742864077641682
0,0,0,2239.0,-1.2014563106807852
