0,0,0,-260.0,3.280962053112791e-10
0,0,0,-259.0,1.0675729448617155e-09
0,0,0,-258.0,3.3056727742136516e-10
0,0,0,-257.0,-2.542546651737807e-10
0,0,0,-256.0,-3.780483949957105e-10
0,0,0,-255.0,7.036640901270018e-10
0,0,0,-254.0,4.162015450397376e-10
0,0,0,-253.0,1.876031055423641e-10
0,0,0,-252.0,-1.1765686061675639e-09
0,0,0,-251.0,-1.5432657386164356e-09
0,0,0,-250.0,6.217355459757178e-10
0,0,0,-249.0,5.334029996433728e-10
0,0,0,-248.0,2.710018979274702e-10
0,0,0,-247.0,-1.4348146151227162e-10
0,0,0,-246.0,7.06278726843629e-10
0,0,0,-245.0,-1.0739170208866993e-09
0,0,0,-244.0,5.388803035135171e-10
0,0,0,-243.0,-6.220973789538317e-11
0,0,0,-242.0,9.78116863735199e-10
0,0,0,-241.0,6.240620782000287e-10
0,0,0,-240.0,-8.81561465755755e-11
0,0,0,-239.0,1.0612491472779748e-09
0,0,0,-238.0,1.8872357172513327e-09
0,0,0,-237.0,4.3219416142057497e-10
0,0,0,-236.0,-1.7478936983032707e-10
0,0,0,-235.0,-9.444640043599769e-10
0,0,0,-234.0,-5.053323199601903e-10
0,0,0,-233.0,1.0339095128736446e-09
0,0,0,-232.0,3.2249440409898883e-10
0,0,0,-231.0,7.748660280999491e-10
0,0,0,-230.0,-8.093824875864417e-10
0,0,0,-229.0,7.437292293253609e-10
0,0,0,-228.0,-6.906511106003795e-10
0,0,0,-227.0,-3.9395981868132105e-10
0,0,0,-226.0,-2.329377595326254e-10
0,0,0,-225.0,6.15400799157283e-10
0,0,0,-224.0,1.0144212729787873e-10
0,0,0,-223.0,-5.414910038420582e-10
0,0,0,-222.0,1.220081232182315e-09
0,0,0,-221.0,4.366295587803534e-10
0,0,0,-220.0,2.7326540474608505e-10
0,0,0,-219.0,-2.2054881093859934e-10
0,0,0,-218.0,-1.2140577149040137e-09
0,0,0,-217.0,-9.8395949747376e-13
0,0,0,-216.0,8.491541777413103e-10
0,0,0,-215.0,2.7773106260898674e-10
0,0,0,-214.0,1.1165300491536767e-09
0,0,0,-213.0,4.221752031661437e-10
0,0,0,-212.0,-1.3813972047060455e-10
0,0,0,-211.0,2.473228102384715e-10
0,0,0,-210.0,-1.773907526530423e-10
0,0,0,-209.0,6.347771217968986e-10
0,0,0,-208.0,-6.664638924891008e-11
0,0,0,-207.0,-5.545019793102079e-10
0,0,0,-206.0,-3.05829220952079e-11
0,0,0,-205.0,-9.391586613909712e-11
0,0,0,-204.0,1.01005440803596e-09
0,0,0,-203.0,1.2812736932878858e-10
0,0,0,-202.0,1.581488739565241e-10
0,0,0,-201.0,1.881831647091179e-10
0,0,0,-200.0,4.001925662204513e-10
0,0,0,-199.0,5.56905867598467e-10
0,0,0,-198.0,-1.930442701238237e-10
0,0,0,-197.0,-3.2635118967058296e-10
0,0,0,-196.0,7.085875942996466e-11
0,0,0,-195.0,6.91580828335157e-10
0,0,0,-194.0,4.5554130406441327e-10
0,0,0,-193.0,-5.275518881613355e-10
0,0,0,-192.0,2.507832549108859e-10
0,0,0,-191.0,3.96136060153209e-11
0,0,0,-190.0,1.179287966119279e-09
0,0,0,-189.0,4.5652294661598695e-10
0,0,0,-188.0,-2.3074190486552494e-10
0,0,0,-187.0,9.534843437023732e-10
0,0,0,-186.0,-5.698637630283043e-10
0,0,0,-185.0,1.0764104862438038e-09
0,0,0,-184.0,-4.781118079886245e-10
0,0,0,-183.0,1.5872614639287304e-09
0,0,0,-182.0,-1.2456620188738049e-09
0,0,0,-181.0,4.032958363511788e-10
0,0,0,-180.0,1.0499220218718081e-09
0,0,0,-179.0,-1.9654612254857306e-10
0,0,0,-178.0,-2.7183399143889595e-10
0,0,0,-177.0,6.307361603074327e-10
0,0,0,-176.0,7.195788397455309e-10
0,0,0,-175.0,4.033533044801353e-10
0,0,0,-174.0,5.91840477585175e-10
0,0,0,-173.0,4.857736424126493e-10
0,0,0,-172.0,6.759562485395455e-10
0,0,0,-171.0,1.4137965168695577e-09
0,0,0,-170.0,1.914258482069401e-09
0,0,0,-169.0,1.752016712941079e-10
0,0,0,-168.0,2.5340358869614585e-10
0,0,0,-167.0,1.6677343047540166e-09
0,0,0,-166.0,3.7840368423228693e-10
0,0,0,-165.0,-6.680655936887873e-10
0,0,0,-164.0,1.2390572711969094e-09
0,0,0,-163.0,1.6853035625673725e-10
0,0,0,-162.0,3.9305510940844873e-10
0,0,0,-161.0,2.55215117461201e-10
0,0,0,-160.0,-7.474403455404495e-10
0,0,0,-159.0,-8.84857548720721e-10
0,0,0,-158.0,-8.271866087257656e-10
0,0,0,-157.0,-1.3661277132825151e-09
0,0,0,-156.0,1.5418312544119196e-09
0,0,0,-155.0,1.5020451130475506e-10
0,0,0,-154.0,2.370624008059502e-10
0,0,0,-153.0,1.2046964510889916e-09
0,0,0,-152.0,9.298640215035385e-10
0,0,0,-151.0,9.850468590886659e-10
0,0,0,-150.0,-4.959128638534115e-10
0,0,0,-149.0,4.6527502204521726e-10
0,0,0,-148.0,-4.835845240566291e-10
0,0,0,-147.0,2.0287053215601238e-10
0,0,0,-146.0,5.298278941729188e-11
0,0,0,-145.0,6.016816715018332e-10
0,0,0,-144.0,3.239331947636091e-10
0,0,0,-143.0,7.865070940124082e-10
0,0,0,-142.0,6.423996280877154e-10
0,0,0,-141.0,-2.7022893355655873e-10
0,0,0,-140.0,5.66318260660393e-10
0,0,0,-139.0,1.1697639268797887e-09
0,0,0,-138.0,1.7642688916103037e-09
0,0,0,-137.0,1.5181994387997386e-10
0,0,0,-136.0,8.165774508669088e-10
0,0,0,-135.0,8.616218033952413e-10
0,0,0,-134.0,-3.45598728045291e-10
0,0,0,-133.0,-4.4082583475903456e-10
0,0,0,-132.0,-1.647707744513119e-10
0,0,0,-131.0,7.108229152093104e-10
0,0,0,-130.0,6.718646043386228e-10
0,0,0,-129.0,-1.6016423879169485e-10
0,0,0,-128.0,1.3707187190354463e-09
0,0,0,-127.0,6.50056550310886e-10
0,0,0,-126.0,-4.756133163424278e-11
0,0,0,-125.0,-8.929872402418745e-10
0,0,0,-124.0,-5.328853454991997e-10
0,0,0,-123.0,3.968112821440227e-10
0,0,0,-122.0,1.2461123635286412e-09
0,0,0,-121.0,1.1000749994624799e-09
0,0,0,-120.0,2.6330676978966506e-10
0,0,0,-119.0,5.951727157910037e-10
0,0,0,-118.0,2.852623473222299e-10
0,0,0,-117.0,5.261973293243769e-10
0,0,0,-116.0,7.734048659596278e-10
0,0,0,-115.0,4.1200564820489044e-10
0,0,0,-114.0,3.5959724122226734e-10
0,0,0,-113.0,-2.5660830201569774e-10
0,0,0,-112.0,9.250563192896106e-10
0,0,0,-111.0,2.5593647372461136e-11
0,0,0,-110.0,1.2264280316051902e-10
0,0,0,-109.0,4.652716542105319e-10
0,0,0,-108.0,9.40001964493663e-10
0,0,0,-107.0,-3.418080875541223e-10
0,0,0,-106.0,7.530603179702335e-10
0,0,0,-105.0,1.8968477592747174e-09
0,0,0,-104.0,4.5183580220359976e-10
0,0,0,-103.0,1.0056173436987832e-09
0,0,0,-102.0,5.512281348092331e-10
0,0,0,-101.0,2.0443350543902356e-10
0,0,0,-100.0,-2.1181872576425272e-10
0,0,0,-99.0,1.183348899796605e-09
0,0,0,-98.0,6.83604544375188e-11
0,0,0,-97.0,6.54588813732603e-10
0,0,0,-96.0,1.119950740196577e-09
0,0,0,-95.0,9.362206620217583e-11
0,0,0,-94.0,1.2342255678106984e-10
0,0,0,-93.0,3.58767768809608e-10
0,0,0,-92.0,9.431229354033978e-11
0,0,0,-91.0,-1.1868714529757042e-09
0,0,0,-90.0,-1.3985743381174137e-10
0,0,0,-89.0,6.817481694343306e-10
0,0,0,-88.0,1.5965538870973184e-09
0,0,0,-87.0,1.667599633803514e-09
0,0,0,-86.0,-3.696309540924615e-11
0,0,0,-85.0,-5.216922817639566e-10
0,0,0,-84.0,-1.0051285741061964e-09
0,0,0,-83.0,1.3104933396452273e-09
0,0,0,-82.0,-6.567761779031439e-10
0,0,0,-81.0,3.4662362764380986e-10
0,0,0,-80.0,1.6080725117258933e-09
0,0,0,-79.0,-2.67584540376427e-10
0,0,0,-78.0,8.091723849211658e-10
0,0,0,-77.0,-7.507784800877642e-10
0,0,0,-76.0,-1.0634957491681119e-09
0,0,0,-75.0,1.5982351731151875e-09
0,0,0,-74.0,3.0234544124940343e-10
0,0,0,-73.0,-7.687243044922316e-11
0,0,0,-72.0,-5.161185988114889e-10
0,0,0,-71.0,-6.20173996972368e-11
0,0,0,-70.0,9.525721308275306e-10
0,0,0,-69.0,1.453832768722251e-09
0,0,0,-68.0,2.1536403213646427e-10
0,0,0,-67.0,-5.003283353760803e-10
0,0,0,-66.0,-7.328103969972171e-11
0,0,0,-65.0,1.0569081909190115e-09
0,0,0,-64.0,1.7920475809110735e-09
0,0,0,-63.0,1.4015311864192587e-10
0,0,0,-62.0,1.2801971371452856e-10
0,0,0,-61.0,5.09534563259205e-10
0,0,0,-60.0,-7.777318568402847e-10
0,0,0,-59.0,-4.1826974126491236e-10
0,0,0,-58.0,1.970913274588469e-09
0,0,0,-57.0,1.017040179465079e-09
0,0,0,-56.0,-1.240741203266629e-09
0,0,0,-55.0,-8.266929045568512e-10
0,0,0,-54.0,6.825611269848114e-11
0,0,0,-53.0,1.0185281587369197e-09
0,0,0,-52.0,1.0342641987664502e-10
0,0,0,-51.0,7.812773453646888e-10
0,0,0,-50.0,-1.7746871072488804e-09
0,0,0,-49.0,-4.589506974227105e-10
0,0,0,-48.0,4.4052036435080965e-10
0,0,0,-47.0,1.6233627166565783e-09
0,0,0,-46.0,-5.872577098997993e-10
0,0,0,-45.0,1.6917995815465867e-09
0,0,0,-44.0,-6.926574021131971e-10
0,0,0,-43.0,8.813132752746522e-10
0,0,0,-42.0,4.075393143853459e-10
0,0,0,-41.0,-2.040083678338955e-10
0,0,0,-40.0,-5.539202653618806e-10
0,0,0,-39.0,6.685465074012159e-10
0,0,0,-38.0,-1.0084160196477823e-09
0,0,0,-37.0,-7.77513311123764e-10
0,0,0,-36.0,6.075537962148456e-10
0,0,0,-35.0,2.6558803834998526e-10
0,0,0,-34.0,-2.338404572724967e-10
0,0,0,-33.0,6.447234046428052e-10
0,0,0,-32.0,8.027925375480428e-10
0,0,0,-31.0,-2.3269236133817988e-10
0,0,0,-30.0,1.6772449157082492e-09
0,0,0,-29.0,-7.800298700518609e-11
0,0,0,-28.0,-6.743888501496618e-10
0,0,0,-27.0,9.977500468790513e-10
0,0,0,-26.0,-1.392581858152511e-10
0,0,0,-25.0,1.1790777923834108e-10
0,0,0,-24.0,-5.057241712849654e-10
0,0,0,-23.0,-3.482741875892072e-10
0,0,0,-22.0,1.096698795103e-09
0,0,0,-21.0,1.7897527082431575e-09
0,0,0,-20.0,-4.656153795442273e-10
0,0,0,-19.0,1.0931423705352277e-10
0,0,0,-18.0,8.726143988735148e-11
0,0,0,-17.0,-4.71944142661883e-10
0,0,0,-16.0,1.245750135552052e-09
0,0,0,-15.0,-6.045278345499208e-10
0,0,0,-14.0,-4.1057249213219036e-10
0,0,0,-13.0,2.780448395186945e-10
0,0,0,-12.0,1.716173761961768e-10
0,0,0,-11.0,-1.24933988726163e-10
0,0,0,-10.0,1.2273783568796449e-09
0,0,0,-9.0,7.424169808246751e-10
0,0,0,-8.0,-7.276256894131978e-10
0,0,0,-7.0,-7.791409060849147e-10
0,0,0,-6.0,9.424611632188996e-10
0,0,0,-5.0,3.0721389040835407e-10
0,0,0,-4.0,1.8466588850129698e-09
0,0,0,-3.0,-1.2407068064454477e-09
0,0,0,-2.0,-2.374517852388708e-10
0,0,0,-1.0,1.0188781097909863e-09
0,0,0,0.0,1.5882163077347976e-10
0,0,0,1.0,3.914241214927498e-10
0,0,0,2.0,-5.548143144630683e-10
0,0,0,3.0,9.687937329447365e-10
0,0,0,4.0,-5.589493784346622e-10
0,0,0,5.0,-1.0994601209426562e-09
0,0,0,6.0,6.640423378651864e-10
0,0,0,7.0,2.2904402975945498e-10
0,0,0,8.0,-5.144528629963897e-10
0,0,0,9.0,-8.91138558554399e-10
0,0,0,10.0,-5.319095001975409e-10
0,0,0,11.0,3.266999071697922e-10
0,0,0,12.0,-1.327929499185517e-09
0,0,0,13.0,-7.108899823344731e-10
0,0,0,14.0,-1.5179192059351555e-09
0,0,0,15.0,-1.6970310048630405e-09
0,0,0,16.0,1.5766486210919924e-10
0,0,0,17.0,5.0928697072956286e-11
0,0,0,18.0,-1.1266043158324172e-09
0,0,0,19.0,-1.8045176626955302e-10
0,0,0,20.0,-2.4005245450110406e-09
0,0,0,21.0,-3.711089642762206e-09
0,0,0,22.0,-3.6311184734645295e-09
0,0,0,23.0,-5.223249970459328e-09
0,0,0,24.0,-4.890204554960488e-09
0,0,0,25.0,-5.618281604027897e-09
0,0,0,26.0,-6.701006042039278e-09
0,0,0,27.0,-8.078692162837164e-09
0,0,0,28.0,-8.798064859101141e-09
0,0,0,29.0,-9.81921203746934e-09
0,0,0,30.0,-1.042004566640286e-08
0,0,0,31.0,-1.1687155589551163e-08
0,0,0,32.0,-1.232528552697096e-08
0,0,0,33.0,-1.5955539089517776e-08
0,0,0,34.0,-1.715848483376252e-08
0,0,0,35.0,-1.9292068772798474e-08
0,0,0,36.0,-2.0376626219435804e-08
0,0,0,37.0,-2.4388867107573523e-08
0,0,0,38.0,-2.6284238889142137e-08
0,0,0,39.0,-2.858340390658856e-08
0,0,0,40.0,-3.2706727075963336e-08
0,0,0,41.0,-3.666700405145115e-08
0,0,0,42.0,-3.8732225807727265e-08
0,0,0,43.0,-4.2664109573698316e-08
0,0,0,44.0,-4.7203441262486604e-08
0,0,0,45.0,-5.12802782715193e-08
0,0,0,46.0,-5.4904764440762056e-08
0,0,0,47.0,-6.040430223769911e-08
0,0,0,48.0,-6.493823090610526e-08
0,0,0,49.0,-6.951656245327086e-08
0,0,0,50.0,-7.516653008419066e-08
0,0,0,51.0,-8.046732274763599e-08
0,0,0,52.0,-8.671698757538795e-08
0,0,0,53.0,-9.390369830522703e-08
0,0,0,54.0,-1.0030515076110638e-07
0,0,0,55.0,-1.0619691356523079e-07
0,0,0,56.0,-1.1398945141371132e-07
0,0,0,57.0,-1.1998294587375404e-07
0,0,0,58.0,-1.258482678797571e-07
0,0,0,59.0,-1.3442124068536713e-07
0,0,0,60.0,-1.4044516798913517e-07
0,0,0,61.0,-1.4945107617388828e-07
0,0,0,62.0,-1.563860372184306e-07
0,0,0,63.0,-1.6367687750157982e-07
0,0,0,64.0,-1.688237677231226e-07
0,0,0,65.0,-1.7891309721375008e-07
0,0,0,66.0,-1.8541063666176598e-07
0,0,0,67.0,-1.9475709712525022e-07
0,0,0,68.0,-2.0309930336500172e-07
0,0,0,69.0,-2.0800076770196605e-07
0,0,0,70.0,-2.1536187053536193e-07
0,0,0,71.0,-2.2493860907491338e-07
0,0,0,72.0,-2.3186122295214873e-07
0,0,0,73.0,-2.3868161074946945e-07
0,0,0,74.0,-2.467328771109764e-07
0,0,0,75.0,-2.5314245060042544e-07
0,0,0,76.0,-2.599120509136591e-07
0,0,0,77.0,-2.669659781541545e-07
0,0,0,78.0,-2.725096086330069e-07
0,0,0,79.0,-2.7964278932988554e-07
0,0,0,80.0,-2.8633596725802867e-07
0,0,0,81.0,-2.915896122572096e-07
0,0,0,82.0,-2.963217515428589e-07
0,0,0,83.0,-3.0210902619249084e-07
0,0,0,84.0,-3.079102239425568e-07
0,0,0,85.0,-3.1313785744151446e-07
0,0,0,86.0,-3.1698594534048024e-07
0,0,0,87.0,-3.2152692274441967e-07
0,0,0,88.0,-3.2430943148483893e-07
0,0,0,89.0,-3.301140741179421e-07
0,0,0,90.0,-3.3227405025944436e-07
0,0,0,91.0,-3.358002847907517e-07
0,0,0,92.0,-3.39142969753862e-07
0,0,0,93.0,-3.411380526704547e-07
0,0,0,94.0,-3.447764577809213e-07
0,0,0,95.0,-3.454260109881009e-07
0,0,0,96.0,-3.481015638271893e-07
0,0,0,97.0,-3.4925202169363677e-07
0,0,0,98.0,-3.5122794285508866e-07
0,0,0,99.0,-3.537468095994044e-07
0,0,0,100.0,-3.551851484868751e-07
0,0,0,101.0,-3.561321555702122e-07
0,0,0,102.0,-3.5541929558716035e-07
0,0,0,103.0,-3.5674753555703043e-07
0,0,0,104.0,-3.5706379195221304e-07
0,0,0,105.0,-3.567210290859837e-07
0,0,0,106.0,-3.5688230256803797e-07
0,0,0,107.0,-3.550721344107869e-07
0,0,0,108.0,-3.548841206823925e-07
0,0,0,109.0,-3.546799820436644e-07
0,0,0,110.0,-3.5357687580932364e-07
0,0,0,111.0,-3.525877009949923e-07
0,0,0,112.0,-3.513906639591248e-07
0,0,0,113.0,-3.504997139353428e-07
0,0,0,114.0,-3.4963802535046823e-07
0,0,0,115.0,-3.463127678306219e-07
0,0,0,116.0,-3.455526519257611e-07
0,0,0,117.0,-3.429704841785701e-07
0,0,0,118.0,-3.4109788980350437e-07
0,0,0,119.0,-3.4025735131967794e-07
0,0,0,120.0,-3.3779464298222323e-07
0,0,0,121.0,-3.36234977485226e-07
0,0,0,122.0,-3.335816729630363e-07
0,0,0,123.0,-3.30750746942787e-07
0,0,0,124.0,-3.276428002137116e-07
0,0,0,125.0,-3.2521940493011693e-07
0,0,0,126.0,-3.217364335011741e-07
0,0,0,127.0,-3.200246237610972e-07
0,0,0,128.0,-3.1743671657974663e-07
0,0,0,129.0,-3.149006294064038e-07
0,0,0,130.0,-3.100405012254628e-07
0,0,0,131.0,-3.0971818028785606e-07
0,0,0,132.0,-3.0697326749770215e-07
0,0,0,133.0,-3.0377020488471286e-07
0,0,0,134.0,-3.0160711278253183e-07
0,0,0,135.0,-2.9778881804811716e-07
0,0,0,136.0,-2.950763854218438e-07
0,0,0,137.0,-2.9266576236252096e-07
0,0,0,138.0,-2.886089272928907e-07
0,0,0,139.0,-2.85592937189717e-07
0,0,0,140.0,-2.8197271883055227e-07
0,0,0,141.0,-2.806577762552061e-07
0,0,0,142.0,-2.762836755036416e-07
0,0,0,143.0,-2.7560055336168656e-07
0,0,0,144.0,-2.7108642233185345e-07
0,0,0,145.0,-2.6811547144394e-07
0,0,0,146.0,-2.6578336629453376e-07
0,0,0,147.0,-2.614051300556929e-07
0,0,0,148.0,-2.5805573448785133e-07
0,0,0,149.0,-2.5696506824309587e-07
0,0,0,150.0,-2.549033536196762e-07
0,0,0,151.0,-2.509942631032667e-07
0,0,0,152.0,-2.478923633613207e-07
0,0,0,153.0,-2.4561809173945723e-07
0,0,0,154.0,-2.4210947981735223e-07
0,0,0,155.0,-2.3923412911087545e-07
0,0,0,156.0,-2.3639164053935263e-07
0,0,0,157.0,-2.332686080680358e-07
0,0,0,158.0,-2.305791208130135e-07
0,0,0,159.0,-2.2856638808953153e-07
0,0,0,160.0,-2.2575852677147605e-07
0,0,0,161.0,-2.232373750025333e-07
0,0,0,162.0,-2.1961534047384094e-07
0,0,0,163.0,-2.1886065737505948e-07
0,0,0,164.0,-2.1464005451704445e-07
0,0,0,165.0,-2.1155927863580559e-07
0,0,0,166.0,-2.087347969101912e-07
0,0,0,167.0,-2.0733349234074558e-07
0,0,0,168.0,-2.0566460801015816e-07
0,0,0,169.0,-2.0283420346952402e-07
0,0,0,170.0,-1.9995857896513875e-07
0,0,0,171.0,-1.9940845317687799e-07
0,0,0,172.0,-1.9412552162447682e-07
0,0,0,173.0,-1.9282540216458534e-07
0,0,0,174.0,-1.8988799254048e-07
0,0,0,175.0,-1.8867083938952436e-07
0,0,0,176.0,-1.8656350569056522e-07
0,0,0,177.0,-1.8456317501693649e-07
0,0,0,178.0,-1.8040038129667266e-07
0,0,0,179.0,-1.7984447093286654e-07
0,0,0,180.0,-1.7797576667388083e-07
0,0,0,181.0,-1.7413320351706272e-07
0,0,0,182.0,-1.7259483396588882e-07
0,0,0,183.0,-1.705201136794746e-07
0,0,0,184.0,-1.6779655373030505e-07
0,0,0,185.0,-1.6579356486864985e-07
0,0,0,186.0,-1.6393264636556976e-07
0,0,0,187.0,-1.606056387244189e-07
0,0,0,188.0,-1.605618615868601e-07
0,0,0,189.0,-1.5781393742348595e-07
0,0,0,190.0,-1.5502618487068934e-07
0,0,0,191.0,-1.5361847945445465e-07
0,0,0,192.0,-1.518753382183416e-07
0,0,0,193.0,-1.5009203139360983e-07
0,0,0,194.0,-1.47092279267433e-07
0,0,0,195.0,-1.473509709029031e-07
0,0,0,196.0,-1.455032715172588e-07
0,0,0,197.0,-1.4325091785973165e-07
0,0,0,198.0,-1.4173383817378285e-07
0,0,0,199.0,-1.4014792175750323e-07
0,0,0,200.0,-1.3739594073189143e-07
0,0,0,201.0,-1.3640441559818838e-07
0,0,0,202.0,-1.347753486665171e-07
0,0,0,203.0,-1.338972907463799e-07
0,0,0,204.0,-1.3153935880444762e-07
0,0,0,205.0,-1.309622394085486e-07
0,0,0,206.0,-1.301836305419833e-07
0,0,0,207.0,-1.2856061811008352e-07
0,0,0,208.0,-1.2549574529767086e-07
0,0,0,209.0,-1.2520177066878275e-07
0,0,0,210.0,-1.2296115211713214e-07
0,0,0,211.0,-1.2199746099638143e-07
0,0,0,212.0,-1.199273479130729e-07
0,0,0,213.0,-1.1766260033789054e-07
0,0,0,214.0,-1.1783993925427457e-07
0,0,0,215.0,-1.1598249828527225e-07
0,0,0,216.0,-1.1572004494927335e-07
0,0,0,217.0,-1.1403320680416497e-07
0,0,0,218.0,-1.1206691161561959e-07
0,0,0,219.0,-1.1078503734245693e-07
0,0,0,220.0,-1.1007627800241099e-07
0,0,0,221.0,-1.0806666280129737e-07
0,0,0,222.0,-1.0662534066803893e-07
0,0,0,223.0,-1.0634990000787737e-07
0,0,0,224.0,-1.0435093950813129e-07
0,0,0,225.0,-1.0327323339870015e-07
0,0,0,226.0,-1.0279204622275493e-07
0,0,0,227.0,-9.953770218562931e-08
0,0,0,228.0,-1.0117804371238145e-07
0,0,0,229.0,-9.834730394331521e-08
0,0,0,230.0,-9.86460288225003e-08
0,0,0,231.0,-9.714205687620443e-08
0,0,0,232.0,-9.662764925908168e-08
0,0,0,233.0,-9.513535742095311e-08
0,0,0,234.0,-9.395568514036108e-08
0,0,0,235.0,-9.272068756707596e-08
0,0,0,236.0,-9.141736043942652e-08
0,0,0,237.0,-8.978645338953646e-08
0,0,0,238.0,-8.984307518893364e-08
0,0,0,239.0,-8.767925298344971e-08
0,0,0,240.0,-8.924839982807006e-08
0,0,0,241.0,-8.781318628097547e-08
0,0,0,242.0,-8.680652522091951e-08
0,0,0,243.0,-8.592146890871439e-08
0,0,0,244.0,-8.363146025856753e-08
0,0,0,245.0,-8.324782379219868e-08
0,0,0,246.0,-8.223623041920487e-08
0,0,0,247.0,-8.28690057808457e-08
0,0,0,248.0,-8.091787919409717e-08
0,0,0,249.0,-7.915582385556852e-08
0,0,0,250.0,-7.88010043591791e-08
0,0,0,251.0,-7.76314712066407e-08
0,0,0,252.0,-7.734180521985727e-08
0,0,0,253.0,-7.692954586562705e-08
0,0,0,254.0,-7.466231350200091e-08
0,0,0,255.0,-7.577012213056235e-08
0,0,0,256.0,-7.405689510870485e-08
0,0,0,257.0,-7.264156991227094e-08
0,0,0,258.0,-7.313389980701063e-08
0,0,0,259.0,-7.179517773845017e-08
0,0,0,260.0,-7.088681808475305e-08
0,0,0,261.0,-6.983405132613676e-08
0,0,0,262.0,-7.053921208444903e-08
0,0,0,263.0,-6.953808690961078e-08
0,0,0,264.0,-6.760187428683973e-08
0,0,0,265.0,-6.746489711219862e-08
0,0,0,266.0,-6.77615673186913e-08
0,0,0,267.0,-6.605537529778526e-08
0,0,0,268.0,-6.753572236027396e-08
0,0,0,269.0,-6.530790205418322e-08
0,0,0,270.0,-6.445514908395468e-08
0,0,0,271.0,-6.409490485942627e-08
0,0,0,272.0,-6.429209885432719e-08
0,0,0,273.0,-6.234934203691384e-08
0,0,0,274.0,-6.292675701451156e-08
0,0,0,275.0,-6.281152901268308e-08
0,0,0,276.0,-6.019843582617219e-08
0,0,0,277.0,-6.100981708768717e-08
0,0,0,278.0,-5.968326241399481e-08
0,0,0,279.0,-5.895214676123482e-08
0,0,0,280.0,-5.8630842136642495e-08
0,0,0,281.0,-5.918703998443839e-08
0,0,0,282.0,-5.744569711286059e-08
0,0,0,283.0,-5.638279313370482e-08
0,0,0,284.0,-5.711642033189908e-08
0,0,0,285.0,-5.59861666985395e-08
0,0,0,286.0,-5.5785004769119086e-08
0,0,0,287.0,-5.462515020490148e-08
0,0,0,288.0,-5.53823793509823e-08
0,0,0,289.0,-5.465009473358274e-08
0,0,0,290.0,-5.308465161807253e-08
0,0,0,291.0,-5.347569266583285e-08
0,0,0,292.0,-5.061257033442113e-08
0,0,0,293.0,-5.156542224521957e-08
0,0,0,294.0,-4.994272536878748e-08
0,0,0,295.0,-5.108677397614374e-08
0,0,0,296.0,-5.066011697992907e-08
0,0,0,297.0,-5.040890571116153e-08
0,0,0,298.0,-5.019961885796635e-08
0,0,0,299.0,-4.938500146390883e-08
0,0,0,300.0,-4.95405293584377e-08
0,0,0,301.0,-4.8013936639101746e-08
0,0,0,302.0,-4.7889076479487634e-08
0,0,0,303.0,-4.6812365315421097e-08
0,0,0,304.0,-4.5684970223375875e-08
0,0,0,305.0,-4.651927076991628e-08
0,0,0,306.0,-4.652683163494236e-08
0,0,0,307.0,-4.594784281845064e-08
0,0,0,308.0,-4.57365810195858e-08
0,0,0,309.0,-4.432925351199102e-08
0,0,0,310.0,-4.648953500592337e-08
0,0,0,311.0,-4.575945807396125e-08
0,0,0,312.0,-4.3666440354318325e-08
0,0,0,313.0,-4.3498359115431594e-08
0,0,0,314.0,-4.351161394978316e-08
0,0,0,315.0,-4.278325826071117e-08
0,0,0,316.0,-4.2789851139138175e-08
0,0,0,317.0,-4.176718343471408e-08
0,0,0,318.0,-4.201484586704908e-08
0,0,0,319.0,-3.981342445747226e-08
0,0,0,320.0,-4.057041433996605e-08
0,0,0,321.0,-3.985123407414525e-08
0,0,0,322.0,-4.1212702661140864e-08
0,0,0,323.0,-3.843513002421116e-08
0,0,0,324.0,-3.939065880032741e-08
0,0,0,325.0,-3.980723486318212e-08
0,0,0,326.0,-3.9545998277319184e-08
0,0,0,327.0,-3.861676273055743e-08
0,0,0,328.0,-3.985847876971251e-08
0,0,0,329.0,-3.733805375382397e-08
0,0,0,330.0,-3.754951961720677e-08
0,0,0,331.0,-3.7023607904174344e-08
0,0,0,332.0,-3.7995188223730344e-08
0,0,0,333.0,-3.559174375550477e-08
0,0,0,334.0,-3.573962779565331e-08
0,0,0,335.0,-3.5668498752447463e-08
0,0,0,336.0,-3.6086519756039725e-08
0,0,0,337.0,-3.651423613564973e-08
0,0,0,338.0,-3.595079424689615e-08
0,0,0,339.0,-3.495273913717821e-08
0,0,0,340.0,-3.547703949197604e-08
0,0,0,341.0,-3.467389663146253e-08
0,0,0,342.0,-3.359038342700975e-08
0,0,0,343.0,-3.383716396479128e-08
0,0,0,344.0,-3.3631192885215095e-08
0,0,0,345.0,-3.343916578379263e-08
0,0,0,346.0,-3.2240986869179517e-08
0,0,0,347.0,-3.338765043827603e-08
0,0,0,348.0,-3.2394870026601756e-08
0,0,0,349.0,-3.317125768303753e-08
0,0,0,350.0,-3.182564058894186e-08
0,0,0,351.0,-3.108775114399244e-08
0,0,0,352.0,-3.158303171504743e-08
0,0,0,353.0,-3.147248669267451e-08
0,0,0,354.0,-3.1801882095544626e-08
0,0,0,355.0,-3.0549256000381205e-08
0,0,0,356.0,-3.1397181582127775e-08
0,0,0,357.0,-2.9904509502664127e-08
0,0,0,358.0,-3.055206174362861e-08
0,0,0,359.0,-3.0283081639095415e-08
0,0,0,360.0,-2.974903007442355e-08
0,0,0,361.0,-2.890750897197536e-08
0,0,0,362.0,-2.940777562857994e-08
0,0,0,363.0,-2.8946711210469567e-08
0,0,0,364.0,-2.7954321869228205e-08
0,0,0,365.0,-2.9036559408523695e-08
0,0,0,366.0,-2.881992340069954e-08
0,0,0,367.0,-2.960352268072062e-08
0,0,0,368.0,-2.6288297335278384e-08
0,0,0,369.0,-2.9142908292079266e-08
0,0,0,370.0,-2.8293255648903172e-08
0,0,0,371.0,-2.674703210987622e-08
0,0,0,372.0,-2.6877673104104934e-08
0,0,0,373.0,-2.7189417280715474e-08
0,0,0,374.0,-2.7527323857754074e-08
0,0,0,375.0,-2.673494948993457e-08
0,0,0,376.0,-2.5716125271888103e-08
0,0,0,377.0,-2.6080827357917972e-08
0,0,0,378.0,-2.5619680671668746e-08
0,0,0,379.0,-2.522857708138787e-08
0,0,0,380.0,-2.6063151406231815e-08
0,0,0,381.0,-2.5610444004742433e-08
0,0,0,382.0,-2.517159717973567e-08
0,0,0,383.0,-2.570038412337997e-08
0,0,0,384.0,-2.595174270862449e-08
0,0,0,385.0,-2.553036998332943e-08
0,0,0,386.0,-2.4220927847694505e-08
0,0,0,387.0,-2.4525374715527637e-08
0,0,0,388.0,-2.4938481978793765e-08
0,0,0,389.0,-2.4063792560030295e-08
0,0,0,390.0,-2.386676675063508e-08
0,0,0,391.0,-2.3788541330862893e-08
0,0,0,392.0,-2.3220034700990947e-08
0,0,0,393.0,-2.3192198481620125e-08
0,0,0,394.0,-2.354260725748319e-08
0,0,0,395.0,-2.4398048862778727e-08
0,0,0,396.0,-2.331288276967115e-08
0,0,0,397.0,-2.3335567841259265e-08
0,0,0,398.0,-2.3730793483487203e-08
0,0,0,399.0,-2.2952027684634207e-08
0,0,0,400.0,-2.0691047951612037e-08
0,0,0,401.0,-2.2263875776951595e-08
0,0,0,402.0,-2.217465432460699e-08
0,0,0,403.0,-2.1294187072295372e-08
0,0,0,404.0,-2.0777623838547773e-08
0,0,0,405.0,-2.1828941352088426e-08
0,0,0,406.0,-2.1386205890718552e-08
0,0,0,407.0,-2.2120067335691525e-08
0,0,0,408.0,-2.1259533809558866e-08
0,0,0,409.0,-2.1291566978687328e-08
0,0,0,410.0,-2.155126398018775e-08
0,0,0,411.0,-2.129002959147132e-08
0,0,0,412.0,-2.0790549564828726e-08
0,0,0,413.0,-2.1235970714375146e-08
0,0,0,414.0,-2.0588168068166753e-08
0,0,0,415.0,-2.0793013136558933e-08
0,0,0,416.0,-2.1263585583899635e-08
0,0,0,417.0,-2.060041347262704e-08
0,0,0,418.0,-2.0238353856100424e-08
0,0,0,419.0,-2.0695101693993834e-08
0,0,0,420.0,-1.980107389488037e-08
0,0,0,421.0,-2.0528986101714234e-08
0,0,0,422.0,-2.0552879612324637e-08
0,0,0,423.0,-1.971450237421395e-08
0,0,0,424.0,-1.924493914702392e-08
0,0,0,425.0,-1.8512380333493113e-08
0,0,0,426.0,-1.9592255551504184e-08
0,0,0,427.0,-1.8930361454472253e-08
0,0,0,428.0,-1.9794570364443067e-08
0,0,0,429.0,-1.9562691454380434e-08
0,0,0,430.0,-1.9007108383853253e-08
0,0,0,431.0,-1.88268591260194e-08
0,0,0,432.0,-1.826987917070065e-08
0,0,0,433.0,-1.8414256331276542e-08
0,0,0,434.0,-1.81948012463636e-08
0,0,0,435.0,-1.889389856217912e-08
0,0,0,436.0,-1.9333880774034223e-08
0,0,0,437.0,-1.8001210700080216e-08
0,0,0,438.0,-1.800062264846989e-08
0,0,0,439.0,-1.7489989909045367e-08
0,0,0,440.0,-1.7313347001185303e-08
0,0,0,441.0,-1.816525379875888e-08
0,0,0,442.0,-1.7328976723208015e-08
0,0,0,443.0,-1.8184275540081162e-08
0,0,0,444.0,-1.7496290516893534e-08
0,0,0,445.0,-1.6888414697163105e-08
0,0,0,446.0,-1.6610760871474512e-08
0,0,0,447.0,-1.6739676082362326e-08
0,0,0,448.0,-1.6543446322681663e-08
0,0,0,449.0,-1.5904837702058957e-08
0,0,0,450.0,-1.5851508025554822e-08
0,0,0,451.0,-1.6775068168487653e-08
0,0,0,452.0,-1.7310771116187435e-08
0,0,0,453.0,-1.620609845641897e-08
0,0,0,454.0,-1.5610745895917152e-08
0,0,0,455.0,-1.6077483739650515e-08
0,0,0,456.0,-1.5943027921142055e-08
0,0,0,457.0,-1.5410353264530332e-08
0,0,0,458.0,-1.6107965714874003e-08
0,0,0,459.0,-1.4670878889503835e-08
0,0,0,460.0,-1.689502797693387e-08
0,0,0,461.0,-1.560690581272038e-08
0,0,0,462.0,-1.645629459020044e-08
0,0,0,463.0,-1.504772900401659e-08
0,0,0,464.0,-1.62846645051581e-08
0,0,0,465.0,-1.480415567550925e-08
0,0,0,466.0,-1.3441724114723718e-08
0,0,0,467.0,-1.5455646891216676e-08
0,0,0,468.0,-1.4773125566042677e-08
0,0,0,469.0,-1.6225521773602263e-08
0,0,0,470.0,-1.474264579790745e-08
0,0,0,471.0,-1.4214278293864175e-08
0,0,0,472.0,-1.3928934907376258e-08
0,0,0,473.0,-1.562753207979886e-08
0,0,0,474.0,-1.4891868226879457e-08
0,0,0,475.0,-1.4259920716681041e-08
0,0,0,476.0,-1.3501132647702105e-08
0,0,0,477.0,-1.4797882145501194e-08
0,0,0,478.0,-1.4590360982918971e-08
0,0,0,479.0,-1.3244271404993507e-08
0,0,0,480.0,-1.3571823227023414e-08
0,0,0,481.0,-1.5806196367965885e-08
0,0,0,482.0,-1.4628956932102568e-08
0,0,0,483.0,-1.2861189047998539e-08
0,0,0,484.0,-1.3664186019891924e-08
0,0,0,485.0,-1.3858584251547601e-08
0,0,0,486.0,-1.2776846935045116e-08
0,0,0,487.0,-1.3001930182328288e-08
0,0,0,488.0,-1.2651637660473462e-08
0,0,0,489.0,-1.2635540919168505e-08
0,0,0,490.0,-1.3704151931144414e-08
0,0,0,491.0,-1.1450679777571168e-08
0,0,0,492.0,-1.2689767295630855e-08
0,0,0,493.0,-1.230999194053167e-08
0,0,0,494.0,-1.1697931955752138e-08
0,0,0,495.0,-1.2821157855094223e-08
0,0,0,496.0,-1.3127474590378132e-08
0,0,0,497.0,-1.2582463253743768e-08
0,0,0,498.0,-1.2927709774417837e-08
0,0,0,499.0,-1.1125557220966679e-08
0,0,0,500.0,-1.1864451695779373e-08
0,0,0,501.0,-1.3398769970639458e-08
0,0,0,502.0,-1.233913625899571e-08
0,0,0,503.0,-1.3474422580053992e-08
0,0,0,504.0,-1.356812393483987e-08
0,0,0,505.0,-1.191986532731759e-08
0,0,0,506.0,-1.2055442848840246e-08
0,0,0,507.0,-1.2771033585422958e-08
0,0,0,508.0,-1.2270172694035707e-08
0,0,0,509.0,-1.2314318487388799e-08
0,0,0,510.0,-1.1467770133630482e-08
0,0,0,511.0,-1.1672053092340528e-08
0,0,0,512.0,-1.1902754601195462e-08
0,0,0,513.0,-1.2305190402605638e-08
0,0,0,514.0,-1.1718976891165812e-08
0,0,0,515.0,-1.253566774408022e-08
0,0,0,516.0,-1.1469388435114219e-08
0,0,0,517.0,-1.2029077991698921e-08
0,0,0,518.0,-1.1247283908793399e-08
0,0,0,519.0,-1.2023830531068688e-08
0,0,0,520.0,-1.1277603139750154e-08
0,0,0,521.0,-1.1833298577498795e-08
0,0,0,522.0,-1.1253123380220533e-08
0,0,0,523.0,-1.1399531017235816e-08
0,0,0,524.0,-1.0008654516813202e-08
0,0,0,525.0,-1.0162660673416737e-08
0,0,0,526.0,-1.0581561738827765e-08
0,0,0,527.0,-9.829320400916008e-09
0,0,0,528.0,-1.0942014782786096e-08
0,0,0,529.0,-1.1036493912805206e-08
0,0,0,530.0,-1.1136201246449857e-08
0,0,0,531.0,-1.0510466180048864e-08
0,0,0,532.0,-1.1826335949811522e-08
0,0,0,533.0,-1.0293175122633421e-08
0,0,0,534.0,-9.959525603478535e-09
0,0,0,535.0,-1.1119708829492467e-08
0,0,0,536.0,-1.0130754238473412e-08
0,0,0,537.0,-9.119605061547229e-09
0,0,0,538.0,-1.1218139706453928e-08
0,0,0,539.0,-1.1118200401862123e-08
0,0,0,540.0,-1.0277667754274107e-08
0,0,0,541.0,-9.940961780435382e-09
0,0,0,542.0,-9.057522347380754e-09
0,0,0,543.0,-9.757162488182345e-09
0,0,0,544.0,-1.0520491368402527e-08
0,0,0,545.0,-1.0260002792589583e-08
0,0,0,546.0,-1.0185061117691424e-08
0,0,0,547.0,-1.0637605315525253e-08
0,0,0,548.0,-1.0573937573612127e-08
0,0,0,549.0,-1.0450976661854438e-08
0,0,0,550.0,-9.445326061108395e-09
0,0,0,551.0,-1.0213302374680429e-08
0,0,0,552.0,-1.0392130073248706e-08
0,0,0,553.0,-9.809673101073222e-09
0,0,0,554.0,-1.000760974722158e-08
0,0,0,555.0,-8.759884932996602e-09
0,0,0,556.0,-8.928526793430975e-09
0,0,0,557.0,-8.381213526270933e-09
0,0,0,558.0,-8.92541855269132e-09
0,0,0,559.0,-8.810898358509055e-09
0,0,0,560.0,-8.665079738554643e-09
0,0,0,561.0,-7.718420728741555e-09
0,0,0,562.0,-1.009858425101363e-08
0,0,0,563.0,-7.940819843343962e-09
0,0,0,564.0,-9.350032080150699e-09
0,0,0,565.0,-8.944990412365082e-09
0,0,0,566.0,-7.768411689163462e-09
0,0,0,567.0,-8.28692854046459e-09
0,0,0,568.0,-9.209380518543332e-09
0,0,0,569.0,-8.55154066328812e-09
0,0,0,570.0,-1.0084435746095878e-08
0,0,0,571.0,-8.721247072653627e-09
0,0,0,572.0,-7.1446034555819486e-09
0,0,0,573.0,-7.759961781828255e-09
0,0,0,574.0,-9.387647995868651e-09
0,0,0,575.0,-9.48198572301813e-09
0,0,0,576.0,-8.238847652450045e-09
0,0,0,577.0,-9.40881354888713e-09
0,0,0,578.0,-7.946144872957628e-09
0,0,0,579.0,-8.936715637869135e-09
0,0,0,580.0,-8.432633050487955e-09
0,0,0,581.0,-8.182574265321448e-09
0,0,0,582.0,-8.996025819501264e-09
0,0,0,583.0,-7.965710060799492e-09
0,0,0,584.0,-8.399066236856706e-09
0,0,0,585.0,-8.606062277942707e-09
0,0,0,586.0,-8.433608644025633e-09
0,0,0,587.0,-8.350675372986722e-09
0,0,0,588.0,-8.806252083682766e-09
0,0,0,589.0,-7.874684311866964e-09
0,0,0,590.0,-7.587949209448472e-09
0,0,0,591.0,-8.259978841185668e-09
0,0,0,592.0,-7.666021778748452e-09
0,0,0,593.0,-8.5435368162483e-09
0,0,0,594.0,-8.104758203485131e-09
0,0,0,595.0,-7.884329648582758e-09
0,0,0,596.0,-7.286062440843512e-09
0,0,0,597.0,-7.985408034530102e-09
0,0,0,598.0,-7.627445313437719e-09
0,0,0,599.0,-7.64479353350421e-09
0,0,0,600.0,-7.3366907082337265e-09
0,0,0,601.0,-7.155962776287381e-09
0,0,0,602.0,-8.894542099461065e-09
0,0,0,603.0,-7.875847992583024e-09
0,0,0,604.0,-7.242397074223293e-09
0,0,0,605.0,-7.534479507040267e-09
0,0,0,606.0,-7.636661351643938e-09
0,0,0,607.0,-7.845053004120176e-09
0,0,0,608.0,-8.253205316701751e-09
0,0,0,609.0,-7.454543858443731e-09
0,0,0,610.0,-7.208468217543036e-09
0,0,0,611.0,-7.936354098006805e-09
0,0,0,612.0,-8.161769154262715e-09
0,0,0,613.0,-6.688146299982956e-09
0,0,0,614.0,-6.49575663636384e-09
0,0,0,615.0,-6.632537450131625e-09
0,0,0,616.0,-8.970418880081191e-09
0,0,0,617.0,-6.7162939549239495e-09
0,0,0,618.0,-7.596039408655333e-09
0,0,0,619.0,-6.949292788500686e-09
0,0,0,620.0,-7.647388124084944e-09
0,0,0,621.0,-6.306791138652432e-09
0,0,0,622.0,-7.185103675285959e-09
0,0,0,623.0,-7.459892114726732e-09
0,0,0,624.0,-7.702797310578058e-09
0,0,0,625.0,-6.864210597805732e-09
0,0,0,626.0,-7.004973119141152e-09
0,0,0,627.0,-5.803117515978553e-09
0,0,0,628.0,-7.74127573039334e-09
0,0,0,629.0,-7.321240521298719e-09
0,0,0,630.0,-5.898464273501323e-09
0,0,0,631.0,-5.684604443986979e-09
0,0,0,632.0,-6.80949364439038e-09
0,0,0,633.0,-9.033440775657696e-09
0,0,0,634.0,-7.405467893524269e-09
0,0,0,635.0,-6.24949947599571e-09
0,0,0,636.0,-5.978097782535119e-09
0,0,0,637.0,-7.2780271848057885e-09
0,0,0,638.0,-6.646456808285661e-09
0,0,0,639.0,-7.602623137926163e-09
0,0,0,640.0,-8.435133333776839e-09
0,0,0,641.0,-6.7204316985372505e-09
0,0,0,642.0,-6.792238158975416e-09
0,0,0,643.0,-5.191620700653255e-09
0,0,0,644.0,-6.8670468343984245e-09
0,0,0,645.0,-6.743944107203696e-09
0,0,0,646.0,-5.680679375517675e-09
0,0,0,647.0,-6.694828643005655e-09
0,0,0,648.0,-5.525645330851235e-09
0,0,0,649.0,-7.057549382676602e-09
0,0,0,650.0,-7.902967974921293e-09
0,0,0,651.0,-5.8343467504555565e-09
0,0,0,652.0,-5.889865527114485e-09
0,0,0,653.0,-6.974005513681239e-09
0,0,0,654.0,-6.144754764190133e-09
0,0,0,655.0,-7.312506395543972e-09
0,0,0,656.0,-6.829316683969859e-09
0,0,0,657.0,-6.062825639309701e-09
0,0,0,658.0,-6.700945284524718e-09
0,0,0,659.0,-6.9199817687378255e-09
0,0,0,660.0,-7.1427493614155956e-09
0,0,0,661.0,-6.0617965046172895e-09
0,0,0,662.0,-6.630289200219504e-09
0,0,0,663.0,-5.698671317069064e-09
0,0,0,664.0,-6.257504293617689e-09
0,0,0,665.0,-7.167363338100897e-09
0,0,0,666.0,-6.114428899035453e-09
0,0,0,667.0,-6.773948189201947e-09
0,0,0,668.0,-5.273258394766449e-09
0,0,0,669.0,-4.676244157219466e-09
0,0,0,670.0,-5.362033810518559e-09
0,0,0,671.0,-6.493941108720883e-09
0,0,0,672.0,-5.9678182080958905e-09
0,0,0,673.0,-6.087503861198447e-09
0,0,0,674.0,-5.327613230337406e-09
0,0,0,675.0,-5.452806473266705e-09
0,0,0,676.0,-5.814256513009985e-09
0,0,0,677.0,-5.872766516343186e-09
0,0,0,678.0,-5.107612049849256e-09
0,0,0,679.0,-5.6860789877552354e-09
0,0,0,680.0,-4.636708052912965e-09
0,0,0,681.0,-4.29720307062989e-09
0,0,0,682.0,-5.862987111336927e-09
0,0,0,683.0,-5.466444653030592e-09
0,0,0,684.0,-5.635303300475859e-09
0,0,0,685.0,-5.845449313603941e-09
0,0,0,686.0,-5.26673438845238e-09
0,0,0,687.0,-6.1931194108097315e-09
0,0,0,688.0,-4.8362883444936484e-09
0,0,0,689.0,-5.524802350723335e-09
0,0,0,690.0,-4.523114185591672e-09
0,0,0,691.0,-6.346956535507445e-09
0,0,0,692.0,-3.8510177119497165e-09
0,0,0,693.0,-6.182143207738276e-09
0,0,0,694.0,-5.2839680215655325e-09
0,0,0,695.0,-5.236464424729567e-09
0,0,0,696.0,-6.151780422869049e-09
0,0,0,697.0,-7.122703471137845e-09
0,0,0,698.0,-4.857606362431067e-09
0,0,0,699.0,-5.941188760951684e-09
0,0,0,700.0,-5.045499150358897e-09
0,0,0,701.0,-5.218213414995122e-09
0,0,0,702.0,-4.6780598051214505e-09
0,0,0,703.0,-5.832044570993078e-09
0,0,0,704.0,-5.359215105165135e-09
0,0,0,705.0,-5.85270400536843e-09
0,0,0,706.0,-5.592417938722675e-09
0,0,0,707.0,-5.954530206807388e-09
0,0,0,708.0,-3.999510333675125e-09
0,0,0,709.0,-5.600844600957407e-09
0,0,0,710.0,-6.279249516609413e-09
0,0,0,711.0,-4.816863760883566e-09
0,0,0,712.0,-5.493158450065241e-09
0,0,0,713.0,-4.437458614852201e-09
0,0,0,714.0,-5.840027021541166e-09
0,0,0,715.0,-4.9937728809715425e-09
0,0,0,716.0,-5.498488671950035e-09
0,0,0,717.0,-4.58449798416551e-09
0,0,0,718.0,-5.172165012246624e-09
0,0,0,719.0,-4.355986083968089e-09
0,0,0,720.0,-4.808468591949008e-09
0,0,0,721.0,-5.1265281428793426e-09
0,0,0,722.0,-4.823055120324264e-09
0,0,0,723.0,-3.984796096008225e-09
0,0,0,724.0,-6.260681667907518e-09
0,0,0,725.0,-5.6132385536597005e-09
0,0,0,726.0,-4.25901778256979e-09
0,0,0,727.0,-5.415219442457504e-09
0,0,0,728.0,-3.6114801363519364e-09
0,0,0,729.0,-5.6328437738851575e-09
0,0,0,730.0,-4.809441442380882e-09
0,0,0,731.0,-3.8317656580219105e-09
0,0,0,732.0,-4.368296686269678e-09
0,0,0,733.0,-4.656278599409666e-09
0,0,0,734.0,-3.880639850311972e-09
0,0,0,735.0,-4.521498472972652e-09
0,0,0,736.0,-5.1374180551467476e-09
0,0,0,737.0,-5.3124419005231315e-09
0,0,0,738.0,-4.0339367297855004e-09
0,0,0,739.0,-5.752860365170378e-09
0,0,0,740.0,-4.145571600332662e-09
0,0,0,741.0,-4.829053828061898e-09
0,0,0,742.0,-4.6522370318035696e-09
0,0,0,743.0,-4.5930487445851e-09
0,0,0,744.0,-4.543518203460574e-09
0,0,0,745.0,-3.94916201045711e-09
0,0,0,746.0,-5.076302521495125e-09
0,0,0,747.0,-4.618912429938579e-09
0,0,0,748.0,-4.532871210811633e-09
0,0,0,749.0,-5.031057356885633e-09
0,0,0,750.0,-4.5790388750979436e-09
0,0,0,751.0,-4.122674661084328e-09
0,0,0,752.0,-3.426915809743078e-09
0,0,0,753.0,-3.495761616927799e-09
0,0,0,754.0,-4.177183201786915e-09
0,0,0,755.0,-3.9975870909188336e-09
0,0,0,756.0,-3.7217638465676097e-09
0,0,0,757.0,-4.99129452089982e-09
0,0,0,758.0,-4.127182588287918e-09
0,0,0,759.0,-3.3960854577436796e-09
0,0,0,760.0,-4.383435085999781e-09
0,0,0,761.0,-4.205400443856587e-09
0,0,0,762.0,-4.74908897750004e-09
0,0,0,763.0,-3.4320555546801185e-09
0,0,0,764.0,-4.459050465766404e-09
0,0,0,765.0,-3.5709066129493733e-09
0,0,0,766.0,-3.2593701910084584e-09
0,0,0,767.0,-5.083990320801303e-09
0,0,0,768.0,-4.516590922770462e-09
0,0,0,769.0,-4.398297989003725e-09
0,0,0,770.0,-4.39314194397979e-09
0,0,0,771.0,-5.097952940204056e-09
0,0,0,772.0,-4.527730534444861e-09
0,0,0,773.0,-4.900167200919072e-09
0,0,0,774.0,-5.1184026481313924e-09
0,0,0,775.0,-4.126907889084632e-09
0,0,0,776.0,-4.542476238028083e-09
0,0,0,777.0,-3.846656857797407e-09
0,0,0,778.0,-4.783544723161888e-09
0,0,0,779.0,-3.2890333848163554e-09
0,0,0,780.0,-3.75481629769141e-09
0,0,0,781.0,-4.869927931562435e-09
0,0,0,782.0,-2.919009543970319e-09
0,0,0,783.0,-3.7096623382381775e-09
0,0,0,784.0,-2.938413028073115e-09
0,0,0,785.0,-3.771135805273322e-09
0,0,0,786.0,-2.673195360172257e-09
0,0,0,787.0,-4.087534544092409e-09
0,0,0,788.0,-2.1407891769847067e-09
0,0,0,789.0,-4.537380666910668e-09
0,0,0,790.0,-3.263865166390291e-09
0,0,0,791.0,-2.681819306103869e-09
0,0,0,792.0,-3.6813653770525166e-09
0,0,0,793.0,-3.4668678782309015e-09
0,0,0,794.0,-3.91622324376898e-09
0,0,0,795.0,-3.4824176939268856e-09
0,0,0,796.0,-3.5016107874744086e-09
0,0,0,797.0,-4.701109124356715e-09
0,0,0,798.0,-3.737397221822209e-09
0,0,0,799.0,-4.589268010697782e-09
0,0,0,800.0,-3.578998824786877e-09
0,0,0,801.0,-2.9639571689809538e-09
0,0,0,802.0,-3.2640431881706075e-09
0,0,0,803.0,-3.5371193799897455e-09
0,0,0,804.0,-4.895172818150817e-09
0,0,0,805.0,-4.123558205682751e-09
0,0,0,806.0,-3.9901742295047216e-09
0,0,0,807.0,-4.4802701867789865e-09
0,0,0,808.0,-4.394213464614699e-09
0,0,0,809.0,-3.364993094379211e-09
0,0,0,810.0,-3.457831463498751e-09
0,0,0,811.0,-3.5801622556455685e-09
0,0,0,812.0,-1.557066356069624e-09
0,0,0,813.0,-4.000006913315217e-09
0,0,0,814.0,-3.228537058592766e-09
0,0,0,815.0,-2.5118350616833297e-09
0,0,0,816.0,-3.0556264402799427e-09
0,0,0,817.0,-4.2323169886963945e-09
0,0,0,818.0,-3.391367715792877e-09
0,0,0,819.0,-3.952981504818427e-09
0,0,0,820.0,-4.895658611795399e-09
0,0,0,821.0,-3.701877910662127e-09
0,0,0,822.0,-3.141261537196371e-09
0,0,0,823.0,-3.5776615869621636e-09
0,0,0,824.0,-3.3036022678495265e-09
0,0,0,825.0,-4.091575819640757e-09
0,0,0,826.0,-4.101826142667922e-09
0,0,0,827.0,-2.790460021426014e-09
0,0,0,828.0,-3.743263211437555e-09
0,0,0,829.0,-3.410560752080099e-09
0,0,0,830.0,-2.9966025055077277e-09
0,0,0,831.0,-4.812129699236442e-09
0,0,0,832.0,-2.994697774510003e-09
0,0,0,833.0,-4.4839099210812886e-09
0,0,0,834.0,-3.2317850856644303e-09
0,0,0,835.0,-3.975439664408954e-09
0,0,0,836.0,-2.0358581353975758e-09
0,0,0,837.0,-3.349012445600648e-09
0,0,0,838.0,-3.531402825004733e-09
0,0,0,839.0,-3.2583727460765213e-09
0,0,0,840.0,-3.7130170496103677e-09
0,0,0,841.0,-3.4904540715927845e-09
0,0,0,842.0,-3.3319575117255827e-09
0,0,0,843.0,-3.698507485542118e-09
0,0,0,844.0,-3.4068707727419107e-09
0,0,0,845.0,-3.2936170220108446e-09
0,0,0,846.0,-3.3399456843254805e-09
0,0,0,847.0,-2.7311868226069257e-09
0,0,0,848.0,-4.915508783292069e-09
0,0,0,849.0,-3.0555614851147755e-09
0,0,0,850.0,-2.851623014876849e-09
0,0,0,851.0,-3.5106783602045132e-09
0,0,0,852.0,-4.514359558534325e-09
0,0,0,853.0,-4.386101377842533e-09
0,0,0,854.0,-3.5242524376046494e-09
0,0,0,855.0,-4.556936435467603e-09
0,0,0,856.0,-2.289097622146459e-09
0,0,0,857.0,-3.56415237126551e-09
0,0,0,858.0,-3.9289554039088244e-09
0,0,0,859.0,-3.322851051449163e-09
0,0,0,860.0,-3.216191819085149e-09
0,0,0,861.0,-2.8614321413422653e-09
0,0,0,862.0,-3.5985086402942897e-09
0,0,0,863.0,-3.278752761258199e-09
0,0,0,864.0,-3.842561571181543e-09
0,0,0,865.0,-3.0051693200678616e-09
0,0,0,866.0,-3.3631624152740614e-09
0,0,0,867.0,-3.9549079636755265e-09
0,0,0,868.0,-1.7487867722995166e-09
0,0,0,869.0,-3.5249192408269587e-09
0,0,0,870.0,-3.306179024104195e-09
0,0,0,871.0,-2.2810644703877862e-09
0,0,0,872.0,-4.241928533299123e-09
0,0,0,873.0,-2.6903135168590752e-09
0,0,0,874.0,-2.480345585843987e-09
0,0,0,875.0,-1.971877919036259e-09
0,0,0,876.0,-4.128650426155839e-09
0,0,0,877.0,-2.5010122013238766e-09
0,0,0,878.0,-2.7351562112221306e-09
0,0,0,879.0,-3.737793316835626e-09
0,0,0,880.0,-1.9341182004058506e-09
0,0,0,881.0,-1.920881299480113e-09
0,0,0,882.0,-2.8309434268985164e-09
0,0,0,883.0,-2.114544037424395e-09
0,0,0,884.0,-3.600971944692046e-09
0,0,0,885.0,-2.2339058384939943e-09
0,0,0,886.0,-2.0058581913049965e-09
0,0,0,887.0,-3.408743225248964e-09
0,0,0,888.0,-2.176334107967015e-09
0,0,0,889.0,-1.460466812055633e-09
0,0,0,890.0,-1.644948895684654e-09
0,0,0,891.0,-3.134172092104979e-09
0,0,0,892.0,-3.2408457790697778e-09
0,0,0,893.0,-2.289625577328191e-09
0,0,0,894.0,-1.8500344697628785e-09
0,0,0,895.0,-1.8165633507598113e-09
0,0,0,896.0,-1.5759132420750433e-09
0,0,0,897.0,-1.8240807027782188e-09
0,0,0,898.0,-9.575589432025164e-10
0,0,0,899.0,-3.6229411799326987e-09
0,0,0,900.0,-1.9560503675693516e-09
0,0,0,901.0,-2.923238230936153e-09
0,0,0,902.0,-3.0314600526047287e-09
0,0,0,903.0,-2.8800537586555565e-09
0,0,0,904.0,-2.6721173001724167e-09
0,0,0,905.0,-3.2758180314859192e-09
0,0,0,906.0,-2.715476806913274e-09
0,0,0,907.0,-3.1821314162492212e-09
0,0,0,908.0,-3.0276956420431318e-09
0,0,0,909.0,-2.7874071642532835e-09
0,0,0,910.0,-3.1163759247967703e-09
0,0,0,911.0,-2.9844336121458293e-09
0,0,0,912.0,-3.94103073446886e-09
0,0,0,913.0,-2.6927073077507455e-09
0,0,0,914.0,-3.556141859703502e-09
0,0,0,915.0,-4.216809006361851e-09
0,0,0,916.0,-2.63787731936614e-09
0,0,0,917.0,-3.539047688242684e-09
0,0,0,918.0,-1.6313798086815347e-09
0,0,0,919.0,-3.822321213649391e-09
0,0,0,920.0,-2.637641606045913e-09
0,0,0,921.0,-2.7592185425705506e-09
0,0,0,922.0,-2.6865699931708247e-09
0,0,0,923.0,-2.6922870337157944e-09
0,0,0,924.0,-3.660546990710148e-09
0,0,0,925.0,-2.0323620569875595e-09
0,0,0,926.0,-2.2638380699120047e-09
0,0,0,927.0,-2.1757214532326417e-09
0,0,0,928.0,-2.4237498584107005e-09
0,0,0,929.0,-1.958303982998493e-09
0,0,0,930.0,-1.9821554313081706e-09
0,0,0,931.0,-3.22290376338518e-09
0,0,0,932.0,-2.2358004366826236e-09
0,0,0,933.0,-2.7828195911158503e-09
0,0,0,934.0,-3.2089567625837e-09
0,0,0,935.0,-2.757511392855252e-09
0,0,0,936.0,-2.5748893788226198e-09
0,0,0,937.0,-3.494751330569422e-09
0,0,0,938.0,-1.8320097985872325e-09
0,0,0,939.0,-1.6965346876057238e-09
0,0,0,940.0,-2.8299038480620795e-09
0,0,0,941.0,-2.78370912804485e-09
0,0,0,942.0,-2.7434557098624366e-09
0,0,0,943.0,-1.758819720038361e-09
0,0,0,944.0,-3.639286450689139e-09
0,0,0,945.0,-2.4013709427803956e-09
0,0,0,946.0,-1.849543424593986e-09
0,0,0,947.0,-3.066275808634456e-09
0,0,0,948.0,-2.033957196087554e-09
0,0,0,949.0,-3.3498581130797852e-09
0,0,0,950.0,-2.106513278381129e-09
0,0,0,951.0,-3.4595478239755586e-09
0,0,0,952.0,-1.3470896666454916e-09
0,0,0,953.0,-2.425721509560089e-09
0,0,0,954.0,-1.572017986821189e-09
0,0,0,955.0,-2.1907364697710774e-09
0,0,0,956.0,-1.9761751640184335e-09
0,0,0,957.0,-3.1050967734223835e-09
0,0,0,958.0,-3.3616808705621e-09
0,0,0,959.0,-2.612996477574444e-09
0,0,0,960.0,-3.179918625674526e-09
0,0,0,961.0,-2.6269531560951578e-09
0,0,0,962.0,-2.9626459782753435e-09
0,0,0,963.0,-2.3528370109656556e-09
0,0,0,964.0,-7.766999546158277e-10
0,0,0,965.0,-1.1381657908241522e-09
0,0,0,966.0,-2.851266376110934e-09
0,0,0,967.0,-2.6737613510958395e-09
0,0,0,968.0,-2.1249809055765503e-09
0,0,0,969.0,-2.2745816837031543e-09
0,0,0,970.0,-2.2726426111684836e-09
0,0,0,971.0,-1.1165259644224217e-09
0,0,0,972.0,-2.0341189692652185e-09
0,0,0,973.0,-3.821348995907207e-09
0,0,0,974.0,-2.4391716762411523e-09
0,0,0,975.0,-1.942380710791592e-09
0,0,0,976.0,-2.1019866372507263e-09
0,0,0,977.0,-1.04511153549349e-09
0,0,0,978.0,-2.8377534115134503e-09
0,0,0,979.0,-2.2752908977881184e-09
0,0,0,980.0,-2.5923190230222245e-09
0,0,0,981.0,-2.5184822351905525e-09
0,0,0,982.0,-1.1002985777138952e-09
0,0,0,983.0,-2.569239140965591e-09
0,0,0,984.0,-3.581319658468829e-09
0,0,0,985.0,-3.867988924222775e-09
0,0,0,986.0,-3.395838488592067e-09
0,0,0,987.0,-2.3281281140143224e-09
0,0,0,988.0,-5.086678160148945e-10
0,0,0,989.0,-1.8673488300666333e-09
0,0,0,990.0,-3.2500321525046744e-09
0,0,0,991.0,-1.799193221635963e-09
0,0,0,992.0,-3.1310099681951837e-09
0,0,0,993.0,-1.690531292326112e-09
0,0,0,994.0,-2.1556957266861955e-09
0,0,0,995.0,-3.1551857515803795e-09
0,0,0,996.0,-1.7731922598662086e-09
0,0,0,997.0,-2.7006488448000935e-09
0,0,0,998.0,-1.7535165538647846e-09
0,0,0,999.0,-2.2205855258290756e-09
0,0,0,1000.0,-1.2920894989708098e-09
0,0,0,1001.0,-1.8926230840487605e-09
0,0,0,1002.0,-2.467630578576051e-09
0,0,0,1003.0,-2.436308398953832e-09
0,0,0,1004.0,-2.1628682828335016e-09
0,0,0,1005.0,-1.492373687656465e-09
0,0,0,1006.0,-2.508662244581774e-09
0,0,0,1007.0,-1.651472605656415e-09
0,0,0,1008.0,-1.1530730561469363e-09
0,0,0,1009.0,-1.1804910199914094e-09
0,0,0,1010.0,-3.363565915293355e-09
0,0,0,1011.0,-1.0957428583991554e-09
0,0,0,1012.0,-2.4736009011461585e-09
0,0,0,1013.0,-1.3634161210529028e-09
0,0,0,1014.0,-1.1208070285518863e-09
0,0,0,1015.0,-1.5209892334315116e-09
0,0,0,1016.0,-1.5589183173033602e-09
0,0,0,1017.0,-1.4405788070073839e-09
0,0,0,1018.0,-1.4165363928672595e-09
0,0,0,1019.0,-1.611787977568195e-09
0,0,0,1020.0,-2.410936570555342e-09
0,0,0,1021.0,-3.174927716178357e-09
0,0,0,1022.0,-2.4628999718329887e-09
0,0,0,1023.0,-1.3611287145694055e-09
0,0,0,1024.0,-1.9456043592657035e-09
0,0,0,1025.0,-9.782528069672322e-10
0,0,0,1026.0,-2.9063134712588887e-09
0,0,0,1027.0,-3.2889388512927163e-09
0,0,0,1028.0,-2.0407200119648846e-09
0,0,0,1029.0,-2.4946975736877906e-09
0,0,0,1030.0,-2.601089875340597e-09
0,0,0,1031.0,-1.9340800764258563e-09
0,0,0,1032.0,-2.19222320587616e-09
0,0,0,1033.0,-1.9833620267108352e-09
0,0,0,1034.0,-2.7730682609222968e-09
0,0,0,1035.0,-2.573531641904362e-09
0,0,0,1036.0,-2.9733215612131288e-09
0,0,0,1037.0,-2.3803080719096605e-09
0,0,0,1038.0,-2.3121722726467375e-09
0,0,0,1039.0,-1.2416065151661364e-09
0,0,0,1040.0,-1.2578931710526812e-09
0,0,0,1041.0,-2.6664257739003185e-09
0,0,0,1042.0,-2.445093648329327e-09
0,0,0,1043.0,-1.4248679993654746e-09
0,0,0,1044.0,-4.558536937198553e-10
0,0,0,1045.0,-1.4862191220774444e-10
0,0,0,1046.0,-2.205877621533953e-09
0,0,0,1047.0,-2.3029953393754992e-09
0,0,0,1048.0,-1.6636078702145885e-09
0,0,0,1049.0,-9.398546772717238e-10
0,0,0,1050.0,-1.7316061538361448e-09
0,0,0,1051.0,-1.535007161817562e-09
0,0,0,1052.0,-1.0286226412657217e-09
0,0,0,1053.0,-8.200154412506025e-10
0,0,0,1054.0,-1.7275410934806535e-09
0,0,0,1055.0,-1.5257088348307435e-09
0,0,0,1056.0,-3.9967120628347367e-10
0,0,0,1057.0,-8.300801889881676e-10
0,0,0,1058.0,-2.7783550601522585e-09
0,0,0,1059.0,-2.1150729930985045e-09
0,0,0,1060.0,-2.3788678447916153e-09
0,0,0,1061.0,-1.1418454037689164e-09
0,0,0,1062.0,-1.5163098811073177e-09
0,0,0,1063.0,-1.648624982839936e-09
0,0,0,1064.0,-2.2003905327955675e-09
0,0,0,1065.0,-8.356564542994788e-10
0,0,0,1066.0,-2.004358969640521e-09
0,0,0,1067.0,-1.5658266060575341e-09
0,0,0,1068.0,-1.9805859985314765e-09
0,0,0,1069.0,-2.831362485550524e-09
0,0,0,1070.0,-9.5426371335742e-10
0,0,0,1071.0,-8.940576753881812e-10
0,0,0,1072.0,-1.570479112950473e-09
0,0,0,1073.0,-1.382307482477302e-09
0,0,0,1074.0,-1.6799597314815761e-09
0,0,0,1075.0,-2.358466565566081e-09
0,0,0,1076.0,-6.74730945875558e-10
0,0,0,1077.0,-2.1855411292257723e-09
0,0,0,1078.0,-2.070089943279913e-09
0,0,0,1079.0,-2.0915933400659596e-09
0,0,0,1080.0,-2.1750468148217805e-09
0,0,0,1081.0,-1.2341908535325932e-09
0,0,0,1082.0,-2.9419716500538607e-09
0,0,0,1083.0,-9.481501268984981e-10
0,0,0,1084.0,-1.011082635089771e-09
0,0,0,1085.0,-2.17022498768585e-09
0,0,0,1086.0,-1.7324964907171117e-09
0,0,0,1087.0,-1.3986236956558888e-09
0,0,0,1088.0,-1.9865739239473623e-09
0,0,0,1089.0,-2.3198120805646503e-09
0,0,0,1090.0,-2.4161304853803724e-09
0,0,0,1091.0,-2.636657537637738e-09
0,0,0,1092.0,-3.0247580172800842e-09
0,0,0,1093.0,-8.387034053720841e-10
0,0,0,1094.0,-1.9944256120201486e-09
0,0,0,1095.0,-1.2974009586241445e-09
0,0,0,1096.0,4.96124693723728e-10
0,0,0,1097.0,-1.101656345400355e-09
0,0,0,1098.0,-2.6738476830899e-09
0,0,0,1099.0,-7.18838300120644e-10
0,0,0,1100.0,-2.218220950490236e-09
0,0,0,1101.0,-1.940796139879974e-09
0,0,0,1102.0,-2.306095340352561e-09
0,0,0,1103.0,-1.955842062995907e-09
0,0,0,1104.0,-7.407462407050437e-10
0,0,0,1105.0,-1.935536761109695e-09
0,0,0,1106.0,-1.9831568655509263e-09
0,0,0,1107.0,-1.3550889766933696e-09
0,0,0,1108.0,1.031567968903518e-09
0,0,0,1109.0,-9.831841589381193e-10
0,0,0,1110.0,-7.884570217737135e-10
0,0,0,1111.0,-2.06423821140742e-09
0,0,0,1112.0,-2.0114548591642463e-09
0,0,0,1113.0,-2.6674866204087427e-09
0,0,0,1114.0,-1.57200411447119e-09
0,0,0,1115.0,-2.087664792218779e-09
0,0,0,1116.0,-2.2677972323714236e-10
0,0,0,1117.0,-1.4883707714039416e-09
0,0,0,1118.0,-1.7257188497085263e-09
0,0,0,1119.0,-1.4231309231660514e-09
0,0,0,1120.0,1.531282034673567e-10
0,0,0,1121.0,-1.690339783975796e-09
0,0,0,1122.0,-1.2282500252488575e-09
0,0,0,1123.0,-7.012201485486238e-10
0,0,0,1124.0,-1.1414311554696003e-09
0,0,0,1125.0,-2.6788290237724235e-09
0,0,0,1126.0,-6.076169480965956e-10
0,0,0,1127.0,-1.872067897976582e-09
0,0,0,1128.0,-1.4284008118012363e-09
0,0,0,1129.0,-2.5645293137593048e-09
0,0,0,1130.0,-1.5875446420062938e-09
0,0,0,1131.0,-2.295220911396193e-09
0,0,0,1132.0,-1.22104680078461e-09
0,0,0,1133.0,-1.1661644911500224e-09
0,0,0,1134.0,-7.172376888126246e-10
0,0,0,1135.0,-6.696611077910611e-10
0,0,0,1136.0,-1.1584215192996464e-09
0,0,0,1137.0,-1.0870168433010187e-09
0,0,0,1138.0,-1.807000688591849e-09
0,0,0,1139.0,-1.148608580101135e-09
0,0,0,1140.0,-8.220939628302436e-10
0,0,0,1141.0,-1.311775460085119e-09
0,0,0,1142.0,-1.033982855691414e-09
0,0,0,1143.0,-8.760574956071461e-10
0,0,0,1144.0,-6.589185721187907e-10
0,0,0,1145.0,-2.3591708439366632e-09
0,0,0,1146.0,-1.5416393090450228e-09
0,0,0,1147.0,-2.7876110090072962e-09
0,0,0,1148.0,-1.906198657230333e-09
0,0,0,1149.0,-2.080654505335572e-09
0,0,0,1150.0,-6.413800615954266e-10
0,0,0,1151.0,-2.1494266930180003e-09
0,0,0,1152.0,-1.1379129591822757e-09
0,0,0,1153.0,-1.7301860699647463e-09
0,0,0,1154.0,-1.8834188013773956e-09
0,0,0,1155.0,-1.5474167399583063e-09
0,0,0,1156.0,-2.819231680683608e-09
0,0,0,1157.0,-8.150410077647531e-10
0,0,0,1158.0,-1.3663219018215643e-09
0,0,0,1159.0,-2.808866409644475e-09
0,0,0,1160.0,-5.347933724523868e-10
0,0,0,1161.0,-2.1044341002253658e-09
0,0,0,1162.0,-2.2449650840576856e-09
0,0,0,1163.0,-3.1090371408466203e-10
0,0,0,1164.0,-1.5798091612293826e-09
0,0,0,1165.0,-1.2650062727255189e-09
0,0,0,1166.0,-7.567234656775415e-10
0,0,0,1167.0,-3.4066932101987724e-10
0,0,0,1168.0,-2.0603820630214936e-10
0,0,0,1169.0,-8.4595052817313e-10
0,0,0,1170.0,-2.7412156281397795e-09
0,0,0,1171.0,-1.6440240618774042e-09
0,0,0,1172.0,-4.689147828271666e-10
0,0,0,1173.0,-9.011565074034879e-10
0,0,0,1174.0,-2.13478181901619e-09
0,0,0,1175.0,-2.1847555541188834e-09
0,0,0,1176.0,-1.9863409303746754e-09
0,0,0,1177.0,-1.4335194700397451e-09
0,0,0,1178.0,-1.6820742188980053e-09
0,0,0,1179.0,-1.6474837288606777e-09
0,0,0,1180.0,-8.013186681215183e-10
0,0,0,1181.0,-1.473208149805402e-09
0,0,0,1182.0,-2.3050020953806645e-09
0,0,0,1183.0,-7.712869533738874e-10
0,0,0,1184.0,-1.9816673669988575e-09
0,0,0,1185.0,-1.4177447714567733e-09
0,0,0,1186.0,-2.1248573974995803e-09
0,0,0,1187.0,-1.2448272955114739e-09
0,0,0,1188.0,-4.463957158735694e-10
0,0,0,1189.0,-3.1622876319362026e-09
0,0,0,1190.0,-3.5482194057656756e-10
0,0,0,1191.0,-1.7571197370932742e-09
0,0,0,1192.0,-4.280546999692103e-10
0,0,0,1193.0,-2.24695894642737e-09
0,0,0,1194.0,-8.187264051625134e-10
0,0,0,1195.0,-2.313514981273101e-09
0,0,0,1196.0,-1.5994840006962375e-09
0,0,0,1197.0,-1.7713167221554452e-09
0,0,0,1198.0,-4.628134456192202e-10
0,0,0,1199.0,3.7176082907321246e-10
0,0,0,1200.0,-1.3722338184495552e-09
0,0,0,1201.0,-9.635317825748712e-11
0,0,0,1202.0,-8.884801718642647e-10
0,0,0,1203.0,-1.1467606952591677e-09
0,0,0,1204.0,-1.8717929513822113e-09
0,0,0,1205.0,-2.1588424854900302e-09
0,0,0,1206.0,-1.7185404856528338e-09
0,0,0,1207.0,-1.934217911731839e-09
0,0,0,1208.0,-1.13948780873412e-09
0,0,0,1209.0,-1.7627292426901006e-09
0,0,0,1210.0,-1.5108344774403429e-09
0,0,0,1211.0,-2.0202393026291307e-10
0,0,0,1212.0,-2.946887686464201e-10
0,0,0,1213.0,-1.4668052192822424e-09
0,0,0,1214.0,-1.3371531346281119e-09
0,0,0,1215.0,-2.6693737993810896e-09
0,0,0,1216.0,-1.0245523755130779e-09
0,0,0,1217.0,-4.355493657502882e-10
0,0,0,1218.0,-1.2342833030486025e-09
0,0,0,1219.0,-2.088673015466164e-09
0,0,0,1220.0,-1.0634947099542545e-09
0,0,0,1221.0,-2.0300654942331888e-09
0,0,0,1222.0,-2.692683455829805e-09
0,0,0,1223.0,-1.9171627792214915e-09
0,0,0,1224.0,-9.714515979075115e-10
0,0,0,1225.0,-1.0556118495826576e-09
0,0,0,1226.0,-1.2303227782471426e-09
0,0,0,1227.0,-1.093998924808288e-10
0,0,0,1228.0,-1.3021801522484407e-09
0,0,0,1229.0,-3.188765855326724e-09
0,0,0,1230.0,-2.6176327349129406e-09
0,0,0,1231.0,-9.336085723213328e-10
0,0,0,1232.0,-3.3935168099684713e-09
0,0,0,1233.0,-5.975054896276815e-10
0,0,0,1234.0,-9.959544290304289e-10
0,0,0,1235.0,-1.0320057589415339e-09
0,0,0,1236.0,-1.0255340221839165e-09
0,0,0,1237.0,-1.480670203158509e-09
0,0,0,1238.0,-2.553539471587323e-10
0,0,0,1239.0,-4.415139383109667e-10
0,0,0,1240.0,-2.2330900847379182e-09
0,0,0,1241.0,-1.358224332168882e-09
0,0,0,1242.0,-9.069958681835699e-10
0,0,0,1243.0,-4.532704902469609e-10
0,0,0,1244.0,-1.2031875063467903e-09
0,0,0,1245.0,-1.7290918939679997e-09
0,0,0,1246.0,-6.148892301350054e-10
0,0,0,1247.0,-2.240212408745023e-09
0,0,0,1248.0,-1.6275714704107116e-09
0,0,0,1249.0,-2.384796009068949e-09
0,0,0,1250.0,-1.7224150960989033e-09
0,0,0,1251.0,-1.6042472222536723e-09
0,0,0,1252.0,-1.3337432453314553e-09
0,0,0,1253.0,-1.8750917454721603e-09
0,0,0,1254.0,-1.0584568505243505e-09
0,0,0,1255.0,-6.05098956232484e-10
0,0,0,1256.0,-1.4680333160792723e-09
0,0,0,1257.0,-9.98370172607765e-10
0,0,0,1258.0,-1.1474638975410564e-09
0,0,0,1259.0,-1.2743495733359514e-09
0,0,0,1260.0,-9.871476922607232e-10
0,0,0,1261.0,5.116123330842757e-11
0,0,0,1262.0,-7.452610252184815e-10
0,0,0,1263.0,-8.55569199448442e-10
0,0,0,1264.0,-8.665188905005273e-10
0,0,0,1265.0,-1.3690135710027201e-09
0,0,0,1266.0,-1.6057520285634945e-09
0,0,0,1267.0,-2.489633771010019e-09
0,0,0,1268.0,-3.6302266316806345e-10
0,0,0,1269.0,-1.4240742528021702e-09
0,0,0,1270.0,-2.0564741845839455e-09
0,0,0,1271.0,-2.5478660021018897e-09
0,0,0,1272.0,-1.060413176088777e-09
0,0,0,1273.0,-8.157960885763571e-10
0,0,0,1274.0,-4.342952548135771e-10
0,0,0,1275.0,-1.4194597128649507e-09
0,0,0,1276.0,-8.766496700257541e-10
0,0,0,1277.0,-3.444105619227379e-10
0,0,0,1278.0,-2.428997539755421e-10
0,0,0,1279.0,-3.494096192549016e-10
0,0,0,1280.0,-8.272168625833675e-10
0,0,0,1281.0,-2.2795214190198726e-09
0,0,0,1282.0,-1.4758760893760937e-09
0,0,0,1283.0,-1.3332006745204233e-09
0,0,0,1284.0,-4.688031254611986e-10
0,0,0,1285.0,-1.8125309191568634e-09
0,0,0,1286.0,-8.637179548311701e-10
0,0,0,1287.0,2.3179664296626186e-10
0,0,0,1288.0,-1.2446207155851033e-09
0,0,0,1289.0,-3.0167376932880016e-10
0,0,0,1290.0,-1.260405994732656e-09
0,0,0,1291.0,-1.4236422746057233e-09
0,0,0,1292.0,-1.1981125104346269e-09
0,0,0,1293.0,-3.453013290167131e-11
0,0,0,1294.0,-1.4512032818962767e-09
0,0,0,1295.0,-7.29521205162417e-10
0,0,0,1296.0,-7.421850666323094e-10
0,0,0,1297.0,-2.5041036281723796e-10
0,0,0,1298.0,-1.0612481723316916e-09
0,0,0,1299.0,-2.029940017201589e-09
0,0,0,1300.0,-9.884632797180874e-10
0,0,0,1301.0,-1.3019737983627705e-09
0,0,0,1302.0,-2.5013868442561004e-09
0,0,0,1303.0,-1.0972269248742352e-09
0,0,0,1304.0,-1.6833282109409693e-09
0,0,0,1305.0,-1.240943657178108e-09
0,0,0,1306.0,-1.2153304644068628e-09
0,0,0,1307.0,-7.25072273709148e-10
0,0,0,1308.0,4.785650896034804e-10
0,0,0,1309.0,-1.0040471788997087e-09
0,0,0,1310.0,-2.2782730201997613e-09
0,0,0,1311.0,-7.328561386297516e-10
0,0,0,1312.0,-2.373122770506424e-09
0,0,0,1313.0,-1.734835049466563e-09
0,0,0,1314.0,-7.70464700409395e-10
0,0,0,1315.0,-1.2123579678907843e-09
0,0,0,1316.0,-1.2170442335331525e-09
0,0,0,1317.0,-1.0071256833102902e-09
0,0,0,1318.0,-1.431851695326541e-09
0,0,0,1319.0,-2.3249370415945412e-10
0,0,0,1320.0,-1.8453373655619568e-09
0,0,0,1321.0,-2.8886024083506944e-10
0,0,0,1322.0,-1.3534200016989242e-09
0,0,0,1323.0,-2.7353589307527136e-09
0,0,0,1324.0,3.0739025857448064e-11
0,0,0,1325.0,-6.113830066347228e-10
0,0,0,1326.0,-1.3542268022058177e-09
0,0,0,1327.0,-9.9368616579859e-10
0,0,0,1328.0,-6.730759068687514e-10
0,0,0,1329.0,-7.315289935845578e-10
0,0,0,1330.0,-7.551672846731458e-10
0,0,0,1331.0,-1.1558615562138185e-09
0,0,0,1332.0,-1.0671263271156313e-09
0,0,0,1333.0,-1.141213724883063e-09
0,0,0,1334.0,-2.98370328194952e-10
0,0,0,1335.0,5.685598509852272e-10
0,0,0,1336.0,-9.292993125665338e-10
0,0,0,1337.0,8.341682674280471e-11
0,0,0,1338.0,5.7000046956262513e-11
0,0,0,1339.0,-5.356272683479117e-10
0,0,0,1340.0,-1.5088377943037643e-10
0,0,0,1341.0,-1.848780815530121e-10
0,0,0,1342.0,-2.485997286715013e-09
0,0,0,1343.0,-3.69314312949375e-10
0,0,0,1344.0,-8.726867454109434e-10
0,0,0,1345.0,-1.7378732192101221e-09
0,0,0,1346.0,-9.005568077889688e-10
0,0,0,1347.0,-5.571287872028678e-10
0,0,0,1348.0,-1.5382180042344704e-09
0,0,0,1349.0,-1.4542173516406746e-09
0,0,0,1350.0,-1.6940026972890381e-09
0,0,0,1351.0,-3.15291228333939e-11
0,0,0,1352.0,-1.6019060700985643e-09
0,0,0,1353.0,-6.599358765053241e-10
0,0,0,1354.0,-1.4181526103820997e-09
0,0,0,1355.0,-1.750434263692172e-09
0,0,0,1356.0,-2.2934723655931626e-09
0,0,0,1357.0,-1.6197447326522612e-09
0,0,0,1358.0,-1.690928380064259e-09
0,0,0,1359.0,-1.4537806854082008e-10
0,0,0,1360.0,-7.094185838438183e-10
0,0,0,1361.0,-1.6537754703272868e-09
0,0,0,1362.0,-1.3582607104465972e-09
0,0,0,1363.0,-1.4947501378506074e-09
0,0,0,1364.0,-9.041677461554318e-10
0,0,0,1365.0,-1.958945988211959e-09
0,0,0,1366.0,-1.6766879271591133e-09
0,0,0,1367.0,-9.391142352222132e-10
0,0,0,1368.0,-6.424179820953297e-10
0,0,0,1369.0,-4.2426000798736616e-10
0,0,0,1370.0,4.375462966928956e-10
0,0,0,1371.0,-1.634603231787798e-09
0,0,0,1372.0,-7.358616864756172e-10
0,0,0,1373.0,-1.079765497436859e-09
0,0,0,1374.0,-2.2778397500365705e-09
0,0,0,1375.0,-8.186520331889243e-10
0,0,0,1376.0,-3.583111292215361e-10
0,0,0,1377.0,-4.1216100247967826e-10
0,0,0,1378.0,-1.471921784198608e-09
0,0,0,1379.0,-1.2871289548228327e-09
0,0,0,1380.0,7.16074193289386e-10
0,0,0,1381.0,-1.1446772699448273e-09
0,0,0,1382.0,-1.6139638074645974e-09
0,0,0,1383.0,-1.875486662987205e-09
0,0,0,1384.0,-7.046366132188006e-10
0,0,0,1385.0,-2.5779193811110374e-09
0,0,0,1386.0,-1.6404517453968154e-09
0,0,0,1387.0,-2.5720909361995712e-09
0,0,0,1388.0,-5.432450996366587e-10
0,0,0,1389.0,-1.0223431800264614e-09
0,0,0,1390.0,-4.662521004868207e-10
0,0,0,1391.0,-1.276570943644713e-09
0,0,0,1392.0,1.6100606659979982e-10
0,0,0,1393.0,-1.5136465301049193e-09
0,0,0,1394.0,-1.3523807195420626e-09
0,0,0,1395.0,-1.3019759284252958e-09
0,0,0,1396.0,-1.1863780821738155e-09
0,0,0,1397.0,-8.474443933092461e-10
0,0,0,1398.0,-8.21365406873133e-10
0,0,0,1399.0,-5.658486106229294e-10
0,0,0,1400.0,-4.380706662285801e-10
0,0,0,1401.0,7.081633105549085e-12
0,0,0,1402.0,-2.451394564313547e-09
0,0,0,1403.0,-2.2843354870478833e-09
0,0,0,1404.0,-5.416358227316805e-10
0,0,0,1405.0,9.420669011475171e-10
0,0,0,1406.0,-1.1531908176100303e-09
0,0,0,1407.0,-5.550518599224957e-10
0,0,0,1408.0,-9.283768140368046e-10
0,0,0,1409.0,-1.069959198493537e-09
0,0,0,1410.0,-2.1556185857929286e-09
0,0,0,1411.0,-1.5313376889906577e-09
0,0,0,1412.0,-9.768678462288159e-10
0,0,0,1413.0,-7.66503779299835e-10
0,0,0,1414.0,-4.563950273039668e-10
0,0,0,1415.0,-8.388646354783789e-10
0,0,0,1416.0,6.910115967358891e-10
0,0,0,1417.0,-1.970054474853429e-09
0,0,0,1418.0,-3.8257422611263093e-10
0,0,0,1419.0,-9.130854501538182e-10
0,0,0,1420.0,-2.8447598919362e-10
0,0,0,1421.0,-1.1001760198567392e-09
0,0,0,1422.0,-2.337515464057385e-10
0,0,0,1423.0,-1.443073096540639e-10
0,0,0,1424.0,-8.922626934161876e-10
0,0,0,1425.0,-1.5176431054058323e-10
0,0,0,1426.0,-5.216399874442157e-10
0,0,0,1427.0,-6.382523238321708e-10
0,0,0,1428.0,-1.240911428603204e-09
0,0,0,1429.0,-2.9282689991632397e-10
0,0,0,1430.0,-8.301601427266081e-10
0,0,0,1431.0,-6.021895209438772e-10
0,0,0,1432.0,-7.225681675622863e-10
0,0,0,1433.0,-7.465075465842162e-10
0,0,0,1434.0,-1.086137364340073e-09
0,0,0,1435.0,-1.1260724042670209e-09
0,0,0,1436.0,-3.1158393932500314e-10
0,0,0,1437.0,-1.0428275517227602e-09
0,0,0,1438.0,-1.9484260082967535e-09
0,0,0,1439.0,-1.0696768386778529e-09
0,0,0,1440.0,-9.601200798469663e-10
0,0,0,1441.0,-6.103246110781232e-10
0,0,0,1442.0,-1.6174780005019918e-09
0,0,0,1443.0,-6.062056011797655e-11
0,0,0,1444.0,-2.566265969435808e-09
0,0,0,1445.0,1.8446344430948412e-10
0,0,0,1446.0,-9.522404370872848e-10
0,0,0,1447.0,-1.1542491107731446e-09
0,0,0,1448.0,-1.1350270279942576e-09
0,0,0,1449.0,-9.977112945533017e-10
0,0,0,1450.0,-1.4423953348083794e-09
0,0,0,1451.0,-1.0422071415639485e-09
0,0,0,1452.0,-4.6919389878609476e-11
0,0,0,1453.0,-1.2363302082496014e-09
0,0,0,1454.0,-7.27118931577782e-10
0,0,0,1455.0,-9.826996939649267e-10
0,0,0,1456.0,2.136311921181605e-11
0,0,0,1457.0,-6.990595801244458e-10
0,0,0,1458.0,-1.2229983383392418e-10
0,0,0,1459.0,-1.87429904594411e-09
0,0,0,1460.0,-5.674583193361473e-10
0,0,0,1461.0,-9.474994168183368e-10
0,0,0,1462.0,-7.702402478881116e-10
0,0,0,1463.0,-5.988448185625075e-10
0,0,0,1464.0,-2.2619271368951282e-10
0,0,0,1465.0,-8.423011384836277e-10
0,0,0,1466.0,-7.495043674408142e-10
0,0,0,1467.0,-9.120520320784306e-10
0,0,0,1468.0,-1.0972436340589706e-09
0,0,0,1469.0,-1.5607134094422662e-09
0,0,0,1470.0,-4.368179846538715e-11
0,0,0,1471.0,-1.0891612774345631e-09
0,0,0,1472.0,-9.069586498731611e-10
0,0,0,1473.0,-1.2891443854724229e-10
0,0,0,1474.0,4.988917074972735e-10
0,0,0,1475.0,-8.035522337430671e-10
0,0,0,1476.0,4.1566125041167427e-10
0,0,0,1477.0,-1.253006570096681e-09
0,0,0,1478.0,-1.0536349422893823e-09
0,0,0,1479.0,-6.881560153127305e-10
0,0,0,1480.0,-9.35978350044948e-10
0,0,0,1481.0,-7.418465537382348e-10
0,0,0,1482.0,-8.984835812678816e-10
0,0,0,1483.0,-1.665097951253624e-09
0,0,0,1484.0,-1.4842480986815758e-09
0,0,0,1485.0,4.46442055316094e-10
0,0,0,1486.0,-4.740811993139936e-10
0,0,0,1487.0,-4.406587800600859e-10
0,0,0,1488.0,-5.59114018901458e-10
0,0,0,1489.0,-6.77902639760417e-10
0,0,0,1490.0,-1.2957263522714e-09
0,0,0,1491.0,-2.409081570875035e-10
0,0,0,1492.0,-8.660860993367411e-10
0,0,0,1493.0,-1.1403764789140421e-09
0,0,0,1494.0,-4.5160563297623294e-10
0,0,0,1495.0,-4.2629345052381243e-10
0,0,0,1496.0,-2.3281587627645933e-09
0,0,0,1497.0,-5.586186513607624e-10
0,0,0,1498.0,-1.24811797314637e-09
0,0,0,1499.0,-2.5595160246780787e-10
0,0,0,1500.0,-3.389552439780827e-10
0,0,0,1501.0,6.546281270404502e-10
0,0,0,1502.0,-1.256449895882746e-10
0,0,0,1503.0,-1.4124729142357542e-09
0,0,0,1504.0,-9.880240550107586e-10
0,0,0,1505.0,-6.881085881833093e-10
0,0,0,1506.0,-7.270497522250039e-10
0,0,0,1507.0,7.415744349451752e-10
0,0,0,1508.0,1.2113588613779676e-10
0,0,0,1509.0,-3.810468958408945e-10
0,0,0,1510.0,-1.1183503686382969e-09
0,0,0,1511.0,-1.430713738139031e-09
0,0,0,1512.0,-1.264967882927701e-09
0,0,0,1513.0,-9.008561177485162e-10
0,0,0,1514.0,-1.549692749609046e-09
0,0,0,1515.0,-1.7234247970181768e-09
0,0,0,1516.0,9.205914642737916e-11
0,0,0,1517.0,9.459943181248926e-10
0,0,0,1518.0,-2.6428436658941897e-09
0,0,0,1519.0,-5.107807773559584e-10
0,0,0,1520.0,1.7166491021751659e-10
0,0,0,1521.0,2.0473767403876047e-10
0,0,0,1522.0,-1.2327311358210123e-09
0,0,0,1523.0,6.574397341617578e-10
0,0,0,1524.0,-1.2320283482408352e-09
0,0,0,1525.0,-2.207650832297517e-09
0,0,0,1526.0,-7.847294049011584e-10
0,0,0,1527.0,-2.642137995349042e-10
0,0,0,1528.0,-3.191182203275537e-10
0,0,0,1529.0,-1.4379613177312576e-09
0,0,0,1530.0,-1.2360698285347955e-09
0,0,0,1531.0,-1.5154835898084799e-09
0,0,0,1532.0,-9.877191703181787e-10
0,0,0,1533.0,-6.330198620867678e-10
0,0,0,1534.0,-1.4841075016446669e-09
0,0,0,1535.0,-6.075377696537591e-10
0,0,0,1536.0,-8.97222538317664e-10
0,0,0,1537.0,-1.1752607624294975e-09
0,0,0,1538.0,-1.3150656335859002e-09
0,0,0,1539.0,-1.4315799817851505e-09
0,0,0,1540.0,-1.3896569250257255e-09
0,0,0,1541.0,1.0552305747569866e-09
0,0,0,1542.0,7.242329912264142e-10
0,0,0,1543.0,5.6481907260066067e-11
0,0,0,1544.0,6.578790729498296e-11
0,0,0,1545.0,-5.575186151020999e-10
0,0,0,1546.0,7.17828954877766e-10
0,0,0,1547.0,-1.0508539235921967e-09
0,0,0,1548.0,-1.3823130682048599e-09
0,0,0,1549.0,-1.3037550115921911e-09
0,0,0,1550.0,2.911295937300843e-10
0,0,0,1551.0,1.88083299871015e-09
0,0,0,1552.0,-5.458695244595955e-10
0,0,0,1553.0,-1.2179401446004475e-09
0,0,0,1554.0,-9.880693606661469e-10
0,0,0,1555.0,1.0092700553027062e-10
0,0,0,1556.0,4.505138922414989e-10
0,0,0,1557.0,-5.2884714714045915e-11
0,0,0,1558.0,-6.530133876585347e-10
0,0,0,1559.0,-1.0566691707553109e-09
0,0,0,1560.0,-5.656511443395093e-10
0,0,0,1561.0,-1.5249997208512456e-09
0,0,0,1562.0,-6.809056045834873e-10
0,0,0,1563.0,-1.8987064056689473e-10
0,0,0,1564.0,-5.511531202187838e-10
0,0,0,1565.0,-7.548390262302279e-10
0,0,0,1566.0,-1.615535328528678e-09
0,0,0,1567.0,-4.7459649013065015e-11
0,0,0,1568.0,-1.5168075631244168e-09
0,0,0,1569.0,-2.1632672216544527e-10
0,0,0,1570.0,-7.578938149856507e-10
0,0,0,1571.0,-2.151414640301052e-10
0,0,0,1572.0,-2.0256165942138848e-10
0,0,0,1573.0,-5.668672726466637e-10
0,0,0,1574.0,2.3458025680101474e-10
0,0,0,1575.0,-7.410733818443277e-10
0,0,0,1576.0,7.964582477299256e-10
0,0,0,1577.0,-1.8839806558657464e-10
0,0,0,1578.0,-3.4696405083888274e-10
0,0,0,1579.0,3.6385893858291523e-10
0,0,0,1580.0,-7.981778550290919e-10
0,0,0,1581.0,-3.765557054383764e-10
0,0,0,1582.0,-4.2809788904375063e-10
0,0,0,1583.0,-3.394318615128611e-10
0,0,0,1584.0,-1.372284781366964e-09
0,0,0,1585.0,-2.3627302085561434e-10
0,0,0,1586.0,-6.425788742036867e-10
0,0,0,1587.0,-9.384509865086746e-10
0,0,0,1588.0,-5.897835739265856e-10
0,0,0,1589.0,-9.501272503612656e-10
0,0,0,1590.0,-9.877978369924577e-10
0,0,0,1591.0,3.539290035301057e-10
0,0,0,1592.0,-9.564549874789082e-10
0,0,0,1593.0,-6.014144378897893e-10
0,0,0,1594.0,6.71655538808005e-11
0,0,0,1595.0,6.904881028584447e-11
0,0,0,1596.0,3.351394257668064e-10
0,0,0,1597.0,-4.537986279429849e-10
0,0,0,1598.0,-7.267174985004336e-10
0,0,0,1599.0,-1.956185844104619e-10
0,0,0,1600.0,-1.5660559208105376e-09
0,0,0,1601.0,-2.9299105619854344e-10
0,0,0,1602.0,-8.90769825832138e-10
0,0,0,1603.0,-3.462345750571347e-10
0,0,0,1604.0,3.355230942533645e-10
0,0,0,1605.0,-1.6444802831155496e-11
0,0,0,1606.0,-1.1366303027496327e-09
0,0,0,1607.0,-2.2137541046965597e-09
0,0,0,1608.0,-1.0270669457109998e-09
0,0,0,1609.0,-6.884043877149104e-10
0,0,0,1610.0,-1.2412759477492625e-11
0,0,0,1611.0,-1.6994095231759287e-09
0,0,0,1612.0,-1.5978422854145967e-09
0,0,0,1613.0,-1.9130222221858864e-09
0,0,0,1614.0,-6.159449915100019e-10
0,0,0,1615.0,-1.4996388954033229e-09
0,0,0,1616.0,-7.337419119603045e-11
0,0,0,1617.0,2.7075561901985144e-10
0,0,0,1618.0,-8.544893174054784e-10
0,0,0,1619.0,-1.5737003528452192e-09
0,0,0,1620.0,1.9937154898091453e-10
0,0,0,1621.0,-7.842065237355526e-10
0,0,0,1622.0,1.4465362305084585e-10
0,0,0,1623.0,-8.815931079933297e-11
0,0,0,1624.0,3.2546955874370685e-10
0,0,0,1625.0,-7.596258437053873e-11
0,0,0,1626.0,-7.565279797815442e-10
0,0,0,1627.0,-1.6603313233486681e-09
0,0,0,1628.0,-8.406832405557001e-10
0,0,0,1629.0,-9.952198744071413e-11
0,0,0,1630.0,-8.29503166676534e-10
0,0,0,1631.0,-1.198119885802351e-10
0,0,0,1632.0,-9.692947628879152e-11
0,0,0,1633.0,-2.482133017719959e-09
0,0,0,1634.0,1.8924873328292603e-12
0,0,0,1635.0,-8.269932278436476e-10
0,0,0,1636.0,-9.241556198445863e-10
0,0,0,1637.0,-1.8316178190574797e-09
0,0,0,1638.0,-3.071572806710266e-11
0,0,0,1639.0,-9.382987885132392e-10
0,0,0,1640.0,-1.1032599005455808e-09
0,0,0,1641.0,-4.335398011669546e-10
0,0,0,1642.0,8.965203102347197e-10
0,0,0,1643.0,-6.61090434829891e-10
0,0,0,1644.0,3.112608632211246e-10
0,0,0,1645.0,-1.0601849537807143e-10
0,0,0,1646.0,2.9939957590984257e-10
0,0,0,1647.0,-8.330019581464337e-10
0,0,0,1648.0,-1.986554516819089e-09
0,0,0,1649.0,-3.814126856577703e-10
0,0,0,1650.0,-4.022365903827324e-10
0,0,0,1651.0,-1.987531901914431e-10
0,0,0,1652.0,-1.1707223436085872e-09
0,0,0,1653.0,-5.654104219221326e-11
0,0,0,1654.0,-8.762195832128385e-10
0,0,0,1655.0,-1.3466354228287882e-09
0,0,0,1656.0,-7.904213493615955e-10
0,0,0,1657.0,-6.753414976691708e-10
0,0,0,1658.0,-6.316633814151827e-12
0,0,0,1659.0,6.311315560726113e-10
0,0,0,1660.0,1.0035850762743021e-10
0,0,0,1661.0,-7.295461846507628e-10
0,0,0,1662.0,9.976923784650764e-10
0,0,0,1663.0,-9.078403829958423e-10
0,0,0,1664.0,-2.2044877363466637e-09
0,0,0,1665.0,-5.853274028350453e-11
0,0,0,1666.0,-5.7449025752034355e-11
0,0,0,1667.0,-9.065678678492022e-10
0,0,0,1668.0,-7.691080239913685e-10
0,0,0,1669.0,-8.395076935718971e-10
0,0,0,1670.0,-1.795434301465949e-09
0,0,0,1671.0,-1.5796260106605865e-09
0,0,0,1672.0,-1.872190428636593e-09
0,0,0,1673.0,-6.964921319369562e-10
0,0,0,1674.0,-1.2668885790781046e-09
0,0,0,1675.0,-1.7638531481417286e-10
0,0,0,1676.0,-9.208117836623705e-10
0,0,0,1677.0,-5.54893263028637e-10
0,0,0,1678.0,-8.38549559677835e-10
0,0,0,1679.0,-1.125598664254302e-09
0,0,0,1680.0,1.4867519630749748e-10
0,0,0,1681.0,-7.699585649813232e-10
0,0,0,1682.0,-1.5592031510019466e-09
0,0,0,1683.0,-3.470136649974288e-10
0,0,0,1684.0,-8.662630158726392e-10
0,0,0,1685.0,6.359088328671771e-10
0,0,0,1686.0,-1.2091103888702645e-09
0,0,0,1687.0,-5.049286414880682e-10
0,0,0,1688.0,4.743227314693373e-10
0,0,0,1689.0,-4.4414655335407836e-10
0,0,0,1690.0,6.040591735725884e-11
0,0,0,1691.0,-1.0067738027772196e-09
0,0,0,1692.0,-5.87015988226042e-10
0,0,0,1693.0,-2.355987447021746e-10
0,0,0,1694.0,-8.050480887077771e-10
0,0,0,1695.0,8.00906670250539e-10
0,0,0,1696.0,1.1956187689873882e-09
0,0,0,1697.0,1.8724279065639117e-10
0,0,0,1698.0,2.9963555449334553e-10
0,0,0,1699.0,-6.335566185876681e-10
0,0,0,1700.0,-8.076822341657481e-10
0,0,0,1701.0,7.216252933076603e-10
0,0,0,1702.0,-2.7057196505000306e-10
0,0,0,1703.0,3.2876600873186957e-10
0,0,0,1704.0,-1.161177128080096e-09
0,0,0,1705.0,-3.66718895324566e-10
0,0,0,1706.0,-3.3119092317001893e-10
0,0,0,1707.0,-1.1704213431400162e-09
0,0,0,1708.0,-1.5750535486928296e-09
0,0,0,1709.0,-9.525144650942028e-10
0,0,0,1710.0,3.715875928030177e-11
0,0,0,1711.0,5.4162697804024134e-11
0,0,0,1712.0,-2.3276793527340813e-10
0,0,0,1713.0,-1.2598850151555274e-09
0,0,0,1714.0,-1.4251341718136152e-09
0,0,0,1715.0,-2.580394314485348e-10
0,0,0,1716.0,-1.3339422277333835e-09
0,0,0,1717.0,2.5694706502909327e-10
0,0,0,1718.0,-2.6017921453210244e-10
0,0,0,1719.0,-1.323093893824362e-09
0,0,0,1720.0,-1.8335401173968857e-09
0,0,0,1721.0,-5.312559705066254e-10
0,0,0,1722.0,6.181240414090145e-10
0,0,0,1723.0,2.3061290221384418e-10
0,0,0,1724.0,-3.086749003821443e-10
0,0,0,1725.0,-4.3046424989645657e-10
0,0,0,1726.0,-1.219584490664346e-09
0,0,0,1727.0,-7.416843732805709e-10
0,0,0,1728.0,-7.697706679061978e-10
0,0,0,1729.0,5.765281383718659e-10
0,0,0,1730.0,-1.3580462129861373e-09
0,0,0,1731.0,4.866698543871603e-12
0,0,0,1732.0,-7.263165909225017e-10
0,0,0,1733.0,-8.260448746397057e-10
0,0,0,1734.0,-1.132862726567286e-09
0,0,0,1735.0,-2.1968317877467483e-10
0,0,0,1736.0,-1.0012100696119561e-09
0,0,0,1737.0,-1.11646700774383e-10
0,0,0,1738.0,-2.28017703987035e-09
0,0,0,1739.0,6.075074615167084e-10
0,0,0,1740.0,-9.169102269691495e-10
0,0,0,1741.0,-1.268163954213454e-09
0,0,0,1742.0,-5.126956288531175e-10
0,0,0,1743.0,-1.277913147747236e-10
0,0,0,1744.0,1.5924926689416507e-11
0,0,0,1745.0,-6.36980462353489e-10
0,0,0,1746.0,-5.650150972774161e-10
0,0,0,1747.0,8.575947768463709e-10
0,0,0,1748.0,-1.9196788176332681e-10
0,0,0,1749.0,-8.277836857762304e-10
0,0,0,1750.0,4.015607774324166e-10
0,0,0,1751.0,-7.373753813969429e-10
0,0,0,1752.0,-2.612315249717525e-10
0,0,0,1753.0,-2.101679761796505e-10
0,0,0,1754.0,-1.4847570874327404e-10
0,0,0,1755.0,-1.1111626752769621e-09
0,0,0,1756.0,1.0930804045734036e-10
0,0,0,1757.0,2.2527231578317433e-10
0,0,0,1758.0,-4.476145465363974e-10
0,0,0,1759.0,-1.66325719583333e-10
0,0,0,1760.0,-4.155889883756863e-10
0,0,0,1761.0,-1.2680920230830583e-09
0,0,0,1762.0,-1.6316993937953551e-09
0,0,0,1763.0,-2.1759909562534325e-10
0,0,0,1764.0,-1.727287536033427e-09
0,0,0,1765.0,-5.55865854357464e-10
0,0,0,1766.0,1.1125026030877316e-10
0,0,0,1767.0,-1.6933531949096799e-10
0,0,0,1768.0,-1.7356635542831613e-09
0,0,0,1769.0,-5.943166854051719e-11
0,0,0,1770.0,-1.1815305939180275e-09
0,0,0,1771.0,-1.0880933011631581e-09
0,0,0,1772.0,1.7217400709095378e-09
0,0,0,1773.0,-1.3773271114793056e-09
0,0,0,1774.0,-2.187199794275065e-10
0,0,0,1775.0,2.7210248666828984e-10
0,0,0,1776.0,-8.600811739324865e-10
0,0,0,1777.0,-8.237065915346355e-10
0,0,0,1778.0,-6.05500979606045e-10
0,0,0,1779.0,-6.139195081496616e-10
0,0,0,1780.0,-1.186395577649575e-10
0,0,0,1781.0,-5.281949570195272e-10
0,0,0,1782.0,-2.025371507985284e-09
0,0,0,1783.0,-1.0230193187744084e-09
0,0,0,1784.0,-1.1814584324439932e-09
0,0,0,1785.0,3.732332237586498e-11
0,0,0,1786.0,-1.918702021195558e-10
0,0,0,1787.0,-7.234245823698103e-10
0,0,0,1788.0,-5.933033657285011e-10
0,0,0,1789.0,-2.466085939879636e-09
0,0,0,1790.0,-8.662959563800264e-10
0,0,0,1791.0,7.602099671804912e-10
0,0,0,1792.0,3.925480003791731e-11
0,0,0,1793.0,-5.624724640808832e-10
0,0,0,1794.0,7.047895937811717e-10
0,0,0,1795.0,1.968607952218355e-10
0,0,0,1796.0,-4.785949929579859e-10
0,0,0,1797.0,-1.6929828948513087e-10
0,0,0,1798.0,-7.239953890906656e-10
0,0,0,1799.0,1.4316500734919003e-10
0,0,0,1800.0,-8.407514328585462e-10
0,0,0,1801.0,-7.626098156833611e-10
0,0,0,1802.0,-3.9307076817549055e-10
0,0,0,1803.0,3.427344113532502e-10
0,0,0,1804.0,8.537828715675329e-10
0,0,0,1805.0,-8.668773717795334e-10
0,0,0,1806.0,-1.7114237256466452e-09
0,0,0,1807.0,1.45804041181807e-11
0,0,0,1808.0,5.716552253547902e-11
0,0,0,1809.0,-1.3229492532348664e-10
0,0,0,1810.0,-7.808951878592721e-10
0,0,0,1811.0,-2.2199291737115767e-10
0,0,0,1812.0,-5.800510778520527e-10
0,0,0,1813.0,-4.1020329312238163e-10
0,0,0,1814.0,3.0926334319289283e-10
0,0,0,1815.0,2.4688593329910583e-10
0,0,0,1816.0,-1.2799478908987994e-09
0,0,0,1817.0,-3.504434015428878e-10
0,0,0,1818.0,-9.267745526244243e-10
0,0,0,1819.0,-7.115199353336697e-10
0,0,0,1820.0,6.370596367104259e-10
0,0,0,1821.0,-3.833169769919062e-10
0,0,0,1822.0,-6.090305816245871e-10
0,0,0,1823.0,-5.215775208051931e-10
0,0,0,1824.0,-1.688584792659217e-10
0,0,0,1825.0,-1.8539645628402644e-10
0,0,0,1826.0,-1.325099810936908e-09
0,0,0,1827.0,-1.0241403145941724e-09
0,0,0,1828.0,-1.568855421215334e-10
0,0,0,1829.0,-7.303449560978015e-10
0,0,0,1830.0,-5.742119916570192e-10
0,0,0,1831.0,9.251032684716316e-10
0,0,0,1832.0,-2.0780111157101768e-09
0,0,0,1833.0,-1.4214375823567443e-10
0,0,0,1834.0,-2.9150299625302113e-10
0,0,0,1835.0,-9.748691484321314e-10
0,0,0,1836.0,8.347883139103035e-10
0,0,0,1837.0,-5.610610606226954e-10
0,0,0,1838.0,-8.276976591650232e-10
0,0,0,1839.0,-2.834109777511232e-10
0,0,0,1840.0,4.4791654839231826e-10
0,0,0,1841.0,7.954992112387548e-12
0,0,0,1842.0,-1.592223523855626e-09
0,0,0,1843.0,-1.9208211371724445e-10
0,0,0,1844.0,-2.8250920531176105e-11
0,0,0,1845.0,-3.9602755168589637e-10
0,0,0,1846.0,6.529671372767233e-10
0,0,0,1847.0,-1.2990372518330976e-09
0,0,0,1848.0,-2.1936290394532153e-10
0,0,0,1849.0,2.855767468979935e-10
0,0,0,1850.0,-2.0870660251016426e-09
0,0,0,1851.0,-8.623722528216901e-10
0,0,0,1852.0,1.0917297329849908e-09
0,0,0,1853.0,-2.330070267168044e-10
0,0,0,1854.0,-4.359358383837694e-10
0,0,0,1855.0,-3.811781140792482e-10
0,0,0,1856.0,-1.0096170530507587e-09
0,0,0,1857.0,-9.50038572233754e-10
0,0,0,1858.0,5.891891456283356e-10
0,0,0,1859.0,-5.701744181804043e-10
0,0,0,1860.0,-6.397965383564059e-10
0,0,0,1861.0,-9.564571914148696e-10
0,0,0,1862.0,4.107766578975963e-10
0,0,0,1863.0,3.271126998640559e-10
0,0,0,1864.0,2.848887627527479e-10
0,0,0,1865.0,-1.8496469094274785e-09
0,0,0,1866.0,-5.960194819580145e-11
0,0,0,1867.0,4.694440505627348e-10
0,0,0,1868.0,1.3856766671406302e-10
0,0,0,1869.0,-1.566833044966415e-09
0,0,0,1870.0,-5.704880635589333e-10
0,0,0,1871.0,-1.6310699888433256e-09
0,0,0,1872.0,-1.9389542983499686e-10
0,0,0,1873.0,-1.0253125339501081e-09
0,0,0,1874.0,4.1674338606931135e-10
0,0,0,1875.0,-9.233225173067266e-10
0,0,0,1876.0,-8.773221627198102e-11
0,0,0,1877.0,5.750927900751492e-10
0,0,0,1878.0,7.63113573153632e-10
0,0,0,1879.0,-3.7342110084787236e-10
0,0,0,1880.0,7.299253656855783e-10
0,0,0,1881.0,-5.230422610262179e-12
0,0,0,1882.0,-6.11824334547786e-10
0,0,0,1883.0,-2.569402963604405e-10
0,0,0,1884.0,-1.8056181127372806e-10
0,0,0,1885.0,-5.829049425831985e-11
0,0,0,1886.0,-6.443570564523364e-11
0,0,0,1887.0,-3.7110107960032064e-10
0,0,0,1888.0,-7.56757296082827e-10
0,0,0,1889.0,-6.782726811417727e-10
0,0,0,1890.0,-3.674904894539252e-10
0,0,0,1891.0,5.550641965537908e-10
0,0,0,1892.0,-1.2758597491108646e-10
0,0,0,1893.0,-3.479731056377866e-10
0,0,0,1894.0,-2.2597973407163347e-10
0,0,0,1895.0,-6.301242383947095e-10
0,0,0,1896.0,-1.7091179624220527e-09
0,0,0,1897.0,4.0700331678111825e-10
0,0,0,1898.0,-2.3957403655052986e-10
0,0,0,1899.0,-1.4076916680338921e-09
0,0,0,1900.0,-1.4172442372953564e-09
0,0,0,1901.0,-8.812434596184082e-10
0,0,0,1902.0,2.8977017766852e-10
0,0,0,1903.0,-8.037635444664588e-10
0,0,0,1904.0,-1.4915906152558702e-10
0,0,0,1905.0,-1.5614991042051873e-10
0,0,0,1906.0,-1.1029356422240818e-09
0,0,0,1907.0,-2.3564148511955554e-10
0,0,0,1908.0,5.98409583958577e-10
0,0,0,1909.0,-1.2545284732955283e-09
0,0,0,1910.0,-1.5361599344273623e-09
0,0,0,1911.0,-1.0823705809459062e-09
0,0,0,1912.0,4.281362803802691e-10
0,0,0,1913.0,-7.841268722155041e-10
0,0,0,1914.0,5.587945791391951e-10
0,0,0,1915.0,4.431919098787898e-10
0,0,0,1916.0,-1.8511185438069962e-09
0,0,0,1917.0,2.6586143009282513e-10
0,0,0,1918.0,-1.9925799964486917e-09
0,0,0,1919.0,-8.242356519877061e-10
0,0,0,1920.0,-3.1977304870665e-11
0,0,0,1921.0,6.740778737212382e-11
0,0,0,1922.0,1.0878912214957197e-09
0,0,0,1923.0,6.460040481361547e-10
0,0,0,1924.0,-1.8781997531489018e-10
0,0,0,1925.0,2.1986776198066685e-10
0,0,0,1926.0,-2.654419733671624e-10
0,0,0,1927.0,-5.756748991779797e-10
0,0,0,1928.0,8.81643672211678e-10
0,0,0,1929.0,-2.727830342621048e-10
0,0,0,1930.0,2.865796828192508e-10
0,0,0,1931.0,-9.333783144102283e-10
0,0,0,1932.0,-1.5939887418500757e-10
0,0,0,1933.0,-6.57974605843765e-10
0,0,0,1934.0,4.6773476283877976e-11
0,0,0,1935.0,3.717860006654124e-10
0,0,0,1936.0,-5.966212499678712e-10
0,0,0,1937.0,-2.6052841847418504e-10
0,0,0,1938.0,4.136492225012056e-11
0,0,0,1939.0,-1.1235747647572284e-09
0,0,0,1940.0,-8.365757822636436e-11
0,0,0,1941.0,1.1318266432068871e-09
0,0,0,1942.0,-8.292699894132791e-10
0,0,0,1943.0,1.11574757159615e-09
0,0,0,1944.0,6.202479281682036e-10
0,0,0,1945.0,-2.830187885467604e-10
0,0,0,1946.0,2.7979494277815206e-10
0,0,0,1947.0,-2.682144001229598e-10
0,0,0,1948.0,-9.261982782022749e-10
0,0,0,1949.0,6.274851803098377e-10
0,0,0,1950.0,-1.0740831063138725e-09
0,0,0,1951.0,-5.775196233525656e-10
0,0,0,1952.0,-1.3916603286900666e-09
0,0,0,1953.0,4.4632160630003157e-10
0,0,0,1954.0,-8.495815814532185e-10
0,0,0,1955.0,6.72678697007547e-10
0,0,0,1956.0,-8.175266651229314e-10
0,0,0,1957.0,-1.880980711206658e-09
0,0,0,1958.0,3.1075778031923584e-10
0,0,0,1959.0,-7.476693569573993e-10
0,0,0,1960.0,-1.0122092358367804e-09
0,0,0,1961.0,-8.862854089761625e-11
0,0,0,1962.0,-1.848955602275518e-10
0,0,0,1963.0,1.6519079586584206e-12
0,0,0,1964.0,-1.139625865492331e-11
0,0,0,1965.0,-4.1881009364825265e-10
0,0,0,1966.0,-9.308468508944285e-11
0,0,0,1967.0,9.071997107214684e-10
0,0,0,1968.0,-1.1962647023487291e-09
0,0,0,1969.0,8.868982560064439e-10
0,0,0,1970.0,3.4130209889094405e-10
0,0,0,1971.0,-1.0029974137630175e-09
0,0,0,1972.0,-4.1744860466802634e-10
0,0,0,1973.0,-1.1240905728228425e-12
0,0,0,1974.0,-8.90619411053719e-10
0,0,0,1975.0,-5.677012361199845e-10
0,0,0,1976.0,-7.277505609469549e-10
0,0,0,1977.0,-5.692324821936651e-10
0,0,0,1978.0,-9.21837487892694e-10
0,0,0,1979.0,3.818302654595139e-10
0,0,0,1980.0,-5.490121696234056e-10
0,0,0,1981.0,1.1126013439134705e-09
0,0,0,1982.0,2.4016247524454327e-10
0,0,0,1983.0,-7.110236128429812e-10
0,0,0,1984.0,-2.465829270270813e-10
0,0,0,1985.0,-1.3864684661342495e-10
0,0,0,1986.0,3.191179746414222e-10
0,0,0,1987.0,-6.499125522542007e-10
0,0,0,1988.0,4.213130614320539e-10
0,0,0,1989.0,5.981132549035351e-11
0,0,0,1990.0,1.1621018249419912e-09
0,0,0,1991.0,-2.7038792949801274e-10
0,0,0,1992.0,-2.8720611549512436e-10
0,0,0,1993.0,-1.1850235594046194e-09
0,0,0,1994.0,-7.338193227727647e-10
0,0,0,1995.0,-8.48472116261711e-11
0,0,0,1996.0,-2.4170548005462857e-10
0,0,0,1997.0,5.328633905117502e-11
0,0,0,1998.0,5.64291089522243e-10
0,0,0,1999.0,1.3273061215294681e-10
0,0,0,2000.0,-1.8440900529821195e-10
0,0,0,2001.0,2.8517178639374396e-10
0,0,0,2002.0,2.3049708664753783e-10
0,0,0,2003.0,-1.407652546359e-10
0,0,0,2004.0,-3.022614533294603e-10
0,0,0,2005.0,-9.346298514401767e-10
0,0,0,2006.0,-4.265017713838579e-10
0,0,0,2007.0,-6.039040168990437e-10
0,0,0,2008.0,-1.0135483961943381e-10
0,0,0,2009.0,4.681989852379874e-10
0,0,0,2010.0,-1.1266926917800533e-11
0,0,0,2011.0,-9.713722854527092e-11
0,0,0,2012.0,-2.6974349561666547e-10
0,0,0,2013.0,-4.6475873907212987e-10
0,0,0,2014.0,-3.225618643050549e-11
0,0,0,2015.0,-6.842984314248772e-10
0,0,0,2016.0,-7.738234999105675e-11
0,0,0,2017.0,2.456162500222628e-10
0,0,0,2018.0,-1.647043208367348e-10
0,0,0,2019.0,5.765847971852576e-10
0,0,0,2020.0,-1.8797512813547097e-10
0,0,0,2021.0,5.404917796130463e-10
0,0,0,2022.0,7.816727654547045e-10
0,0,0,2023.0,-1.7582300889861585e-10
0,0,0,2024.0,4.668401937876965e-10
0,0,0,2025.0,-1.6015221982470725e-09
0,0,0,2026.0,-4.640711785341317e-10
0,0,0,2027.0,-1.9539419916833305e-10
0,0,0,2028.0,4.148410110308708e-10
0,0,0,2029.0,-6.245534544938414e-10
0,0,0,2030.0,2.923949043895202e-10
0,0,0,2031.0,-5.298594577346581e-10
0,0,0,2032.0,-8.035007632131905e-10
0,0,0,2033.0,-1.406027063298926e-09
0,0,0,2034.0,-7.976480123051581e-10
0,0,0,2035.0,-8.605729046752613e-10
0,0,0,2036.0,2.0144726172504214e-10
0,0,0,2037.0,-3.653291842614999e-10
0,0,0,2038.0,6.837351744358462e-10
0,0,0,2039.0,3.6576801042461145e-10
0,0,0,2040.0,-7.832060270315247e-10
0,0,0,2041.0,6.961449345355966e-10
0,0,0,2042.0,-1.0404557856650227e-09
0,0,0,2043.0,3.7310445237764325e-10
0,0,0,2044.0,-3.036984630674379e-11
0,0,0,2045.0,1.1453270519645206e-09
0,0,0,2046.0,-1.6687025507077688e-09
0,0,0,2047.0,-1.3383773223704864e-09
0,0,0,2048.0,2.854299753285289e-10
0,0,0,2049.0,2.0977964124774124e-09
0,0,0,2050.0,-3.703230378645244e-12
0,0,0,2051.0,-1.1443671773837368e-09
0,0,0,2052.0,-2.6740455365144373e-10
0,0,0,2053.0,6.364941436331137e-11
0,0,0,2054.0,-7.027022095000793e-11
0,0,0,2055.0,-8.913120020104658e-10
0,0,0,2056.0,-1.349212810104993e-10
0,0,0,2057.0,6.736184876094183e-10
0,0,0,2058.0,6.204573529203933e-10
0,0,0,2059.0,-2.832199560104198e-10
0,0,0,2060.0,2.028519366130556e-10
0,0,0,2061.0,-1.2864749226336624e-09
0,0,0,2062.0,-1.1428745345039175e-09
0,0,0,2063.0,4.4923482802924464e-11
0,0,0,2064.0,-1.239445430368044e-09
0,0,0,2065.0,5.549998459697901e-11
0,0,0,2066.0,3.2048881093496397e-10
0,0,0,2067.0,1.0637561520828502e-09
0,0,0,2068.0,-4.883694911205503e-10
0,0,0,2069.0,-3.5837010929316284e-10
0,0,0,2070.0,-4.3992661041136405e-10
0,0,0,2071.0,1.7164192536250586e-10
0,0,0,2072.0,5.427766625439882e-10
0,0,0,2073.0,-1.1735830930844863e-09
0,0,0,2074.0,-6.879790053088549e-10
0,0,0,2075.0,1.2161395756513582e-09
0,0,0,2076.0,4.842663117843371e-10
0,0,0,2077.0,-3.3329649072455175e-10
0,0,0,2078.0,-9.020251424854734e-10
0,0,0,2079.0,9.956291843765602e-11
0,0,0,2080.0,9.825430884517569e-10
0,0,0,2081.0,-2.653354475259707e-10
0,0,0,2082.0,-1.0418550734217636e-09
0,0,0,2083.0,-1.0462986345533934e-09
0,0,0,2084.0,1.1013177058172707e-09
0,0,0,2085.0,-9.814476557365075e-10
0,0,0,2086.0,-1.2085262308630605e-09
0,0,0,2087.0,1.506823843381666e-10
0,0,0,2088.0,1.4170481772683836e-09
0,0,0,2089.0,-2.259312018186528e-10
0,0,0,2090.0,-1.557386623980049e-09
0,0,0,2091.0,-1.5963626884889175e-10
0,0,0,2092.0,8.3508090645958e-10
0,0,0,2093.0,-4.385712854827708e-10
0,0,0,2094.0,-1.1868299901358153e-09
0,0,0,2095.0,-9.809363793461858e-10
0,0,0,2096.0,-1.098488116554107e-10
0,0,0,2097.0,4.2830544522232316e-10
0,0,0,2098.0,-1.773395270515689e-10
0,0,0,2099.0,-1.151313194673801e-10
0,0,0,2100.0,6.513378033021676e-10
0,0,0,2101.0,1.8635278149720095e-10
0,0,0,2102.0,7.039274131553567e-11
0,0,0,2103.0,2.3325011106481737e-10
0,0,0,2104.0,-1.012033514559686e-10
0,0,0,2105.0,-2.069018986898139e-11
0,0,0,2106.0,9.886171739305824e-10
0,0,0,2107.0,4.5674174876401696e-10
0,0,0,2108.0,-7.452361716634034e-10
0,0,0,2109.0,-7.670380475572428e-10
0,0,0,2110.0,-1.8289807930216434e-10
0,0,0,2111.0,-1.0499295020852036e-09
0,0,0,2112.0,-6.48554631952916e-11
0,0,0,2113.0,-4.274393984125089e-10
0,0,0,2114.0,2.2808210262591564e-10
0,0,0,2115.0,1.062176189833102e-09
0,0,0,2116.0,-1.073945398438051e-09
0,0,0,2117.0,-8.162372887497439e-10
0,0,0,2118.0,-2.9336347613756095e-11
0,0,0,2119.0,-5.139195744317909e-10
0,0,0,2120.0,1.6002413474724455e-09
0,0,0,2121.0,3.8926743611346874e-10
0,0,0,2122.0,-8.414412266989348e-10
0,0,0,2123.0,-9.050008423481322e-10
0,0,0,2124.0,-9.139811453760348e-10
0,0,0,2125.0,1.3314294223615003e-10
0,0,0,2126.0,-1.3898077960939072e-10
0,0,0,2127.0,3.434721309684327e-10
0,0,0,2128.0,-9.731803414517632e-10
0,0,0,2129.0,2.0452328651523078e-10
0,0,0,2130.0,1.861966907672534e-10
0,0,0,2131.0,-8.648282070365883e-10
0,0,0,2132.0,-4.6158343919155306e-10
0,0,0,2133.0,1.6689792250579242e-10
0,0,0,2134.0,-5.463628129767888e-10
0,0,0,2135.0,-1.0259210422207442e-10
0,0,0,2136.0,3.877009842444639e-10
0,0,0,2137.0,-5.406038404271324e-10
0,0,0,2138.0,9.049848236263074e-10
0,0,0,2139.0,5.479345554705254e-10
0,0,0,2140.0,-3.0120748017512187e-10
0,0,0,2141.0,-1.9019469875606e-09
0,0,0,2142.0,-5.800694648836457e-10
0,0,0,2143.0,3.710953335556706e-10
0,0,0,2144.0,-4.790871433771564e-10
0,0,0,2145.0,4.607804421149479e-10
0,0,0,2146.0,-9.395444295152893e-10
0,0,0,2147.0,3.3655528668088654e-10
0,0,0,2148.0,-7.77781187913427e-10
0,0,0,2149.0,-5.451363581070167e-10
0,0,0,2150.0,-1.418950723264457e-09
0,0,0,2151.0,-1.9205934455046904e-10
0,0,0,2152.0,-2.1613755144318456e-10
0,0,0,2153.0,-3.9008082822809154e-10
0,0,0,2154.0,3.3380910894155103e-10
0,0,0,2155.0,-3.190620722424269e-10
0,0,0,2156.0,-4.469529033348649e-10
0,0,0,2157.0,-1.630744530154849e-10
0,0,0,2158.0,3.6456013012765195e-10
0,0,0,2159.0,-9.947622860769529e-10
0,0,0,2160.0,-3.650411208416265e-10
0,0,0,2161.0,-1.2292220846588227e-10
0,0,0,2162.0,-3.970428242385856e-10
0,0,0,2163.0,1.650735586568417e-10
0,0,0,2164.0,8.065988557488081e-10
0,0,0,2165.0,4.734482762830607e-10
0,0,0,2166.0,-4.499908466350626e-10
0,0,0,2167.0,6.448797332619347e-11
0,0,0,2168.0,1.0333206015722095e-10
0,0,0,2169.0,3.181974389078548e-10
0,0,0,2170.0,-7.972433899207748e-10
0,0,0,2171.0,-1.0500616177187401e-10
0,0,0,2172.0,-1.354369376931744e-10
0,0,0,2173.0,-2.622814671047248e-10
0,0,0,2174.0,-1.718707014865437e-09
0,0,0,2175.0,1.2890049521218323e-09
0,0,0,2176.0,5.947873705123853e-10
0,0,0,2177.0,-2.4003867709482164e-10
0,0,0,2178.0,5.258856018479371e-10
0,0,0,2179.0,-1.8360566707898305e-09
0,0,0,2180.0,-7.860731568157981e-10
0,0,0,2181.0,3.7708380094300697e-10
0,0,0,2182.0,-1.581728463819645e-09
0,0,0,2183.0,7.498070479801667e-10
0,0,0,2184.0,-8.930051017862155e-11
0,0,0,2185.0,-6.797510347022956e-10
0,0,0,2186.0,8.063991081943379e-11
0,0,0,2187.0,1.0949565579349135e-09
0,0,0,2188.0,2.2123163148163675e-10
0,0,0,2189.0,-3.77625950253501e-10
0,0,0,2190.0,1.3729453748371137e-09
0,0,0,2191.0,-2.7747819488436266e-10
0,0,0,2192.0,-2.0994821785966786e-09
0,0,0,2193.0,-6.077710796315697e-10
0,0,0,2194.0,-1.3016412356229668e-09
0,0,0,2195.0,1.0157638038267577e-10
0,0,0,2196.0,1.6140426331721463e-10
0,0,0,2197.0,-1.070920666153145e-10
0,0,0,2198.0,-7.782501302766611e-10
0,0,0,2199.0,-8.748865166921962e-10
0,0,0,2200.0,-1.1344250494049515e-10
0,0,0,2201.0,5.316826458542862e-10
0,0,0,2202.0,1.1528614630851612e-09
0,0,0,2203.0,-1.3072861013193236e-09
0,0,0,2204.0,7.379197792250425e-12
0,0,0,2205.0,1.349147040404698e-11
0,0,0,2206.0,1.3817923353172343e-09
0,0,0,2207.0,-7.438068510440664e-10
0,0,0,2208.0,-5.289274055083906e-10
0,0,0,2209.0,3.104055135416356e-11
0,0,0,2210.0,-5.30623082849287e-10
0,0,0,2211.0,-1.820440170628977e-11
0,0,0,2212.0,-1.180033132134206e-10
0,0,0,2213.0,-1.598339402698214e-09
0,0,0,2214.0,5.4175324678118966e-11
0,0,0,2215.0,-1.4766529414937022e-09
0,0,0,2216.0,-5.049489791176881e-10
0,0,0,2217.0,-1.6552796791293964e-10
0,0,0,2218.0,-4.002987398854485e-10
0,0,0,2219.0,-1.251168484982828e-09
0,0,0,2220.0,-9.932555375864664e-10
0,0,0,2221.0,9.43117219251256e-10
0,0,0,2222.0,1.4028285528130057e-09
0,0,0,2223.0,5.765066787631561e-10
0,0,0,2224.0,-1.213773299873854e-09
0,0,0,2225.0,-3.8808400534350937e-10
0,0,0,2226.0,3.09421416063114e-10
0,0,0,2227.0,-5.677674356763017e-11
0,0,0,2228.0,1.1397459906519683e-09
0,0,0,2229.0,1.3094093086717701e-10
0,0,0,2230.0,-1.8228499864862132e-09
0,0,0,2231.0,-1.0630822696118461e-09
0,0,0,2232.0,5.276578215302095e-10
0,0,0,2233.0,-3.462458205368564e-10
0,0,0,2234.0,-9.189155156600502e-10
0,0,0,2235.0,1.0417833049209487e-09
0,0,0,2236.0,-1.1018543346381365e-09
0,0,0,2237.0,3.928032993874563e-10
0,0,0,2238.0,-4.8287034874034574e-11
0,0,0,2239.0,-2.1583009172716587e-10
